timestamp,row,rpm,payload,esp32_response
2026-05-31T12:56:21.245368,1,700.0,"700.0,2.493591821,11.79092738,3.178980794,84.14416293,81.6321865",[DATA] H:0 A:1 Latency:397 us
2026-05-31T12:56:21.799356,2,876.0,"876.0,2.941605932,16.19386556,2.464503704,77.64093415,82.4457245",[DATA] H:100 A:0 Latency:74 us
2026-05-31T12:56:22.352430,3,520.0,"520.0,2.961745579,6.553146911,1.064346764,77.75226574,79.64577667",[DATA] H:100 A:0 Latency:33 us
2026-05-31T12:56:22.905421,4,473.0,"473.0,3.707834743,19.51017166,3.727455362,74.12990715,71.77462869",[DATA] H:100 A:0 Latency:22 us
2026-05-31T12:56:23.459731,5,619.0,"619.0,5.672918584,15.73887141,2.052251454,78.39698883,87.00022538",[DATA] H:0 A:1 Latency:84 us
2026-05-31T12:56:24.013111,6,1221.0,"1221.0,3.989225938,6.679230535,2.214250345,76.40115203,75.66981801",[DATA] H:100 A:0 Latency:26 us
2026-05-31T12:56:24.566073,7,716.0,"716.0,3.568895727,5.312266428,2.46106708,83.64658857,79.79241081",[DATA] H:0 A:1 Latency:37 us
2026-05-31T12:56:25.119043,8,729.0,"729.0,3.845165584,10.19112589,2.362998355,77.9212023,71.67176056",[DATA] H:100 A:0 Latency:21 us
2026-05-31T12:56:25.672081,9,845.0,"845.0,4.877239363,3.638269304,3.525604418,76.30162614,70.49602446",[DATA] H:100 A:0 Latency:28 us
2026-05-31T12:56:26.225673,10,824.0,"824.0,3.741228333,7.626214049,1.301032069,77.06652006,85.14329731",[DATA] H:100 A:0 Latency:42 us
2026-05-31T12:56:26.778930,11,1230.0,"1230.0,3.429446187,10.83912838,1.830218693,77.40544243,85.91987186",[DATA] H:100 A:0 Latency:27 us
2026-05-31T12:56:27.332518,12,538.0,"538.0,4.259996635,7.694207979,2.083630083,80.18345308,81.18079834",[DATA] H:0 A:1 Latency:40 us
2026-05-31T12:56:27.885309,13,1187.0,"1187.0,2.592501844,6.890093327,1.833391079,78.10229386,84.96686866",[DATA] H:100 A:0 Latency:32 us
2026-05-31T12:56:28.438079,14,609.0,"609.0,3.749857195,10.09296246,2.997150736,77.28064321,75.57779077",[DATA] H:100 A:0 Latency:21 us
2026-05-31T12:56:28.990769,15,606.0,"606.0,2.272331239,5.489462544,1.913766899,75.17064423,77.72570657",[DATA] H:100 A:0 Latency:20 us
2026-05-31T12:56:29.543948,16,382.0,"382.0,2.162553685,7.77492339,2.727348376,77.00087426,71.62384988",[DATA] H:100 A:0 Latency:23 us
2026-05-31T12:56:30.097419,17,560.0,"560.0,2.827450817,11.73054823,1.832205746,77.18277677,70.76525408",[DATA] H:100 A:0 Latency:16 us
2026-05-31T12:56:30.651563,18,767.0,"767.0,4.596903025,7.496561998,1.432776233,84.92414335,80.26551481",[DATA] H:0 A:1 Latency:37 us
2026-05-31T12:56:31.204272,19,838.0,"838.0,3.377151875,4.159451141,2.141784028,77.25819595,88.78397112",[DATA] H:100 A:0 Latency:24 us
2026-05-31T12:56:31.756866,20,495.0,"495.0,3.378216302,7.376275793,3.090756713,77.26403305,73.80702538",[DATA] H:100 A:0 Latency:21 us
2026-05-31T12:56:32.309906,21,1341.0,"1341.0,4.62633279,6.188480205,1.503297167,76.92653268,78.88448943",[DATA] H:100 A:0 Latency:16 us
2026-05-31T12:56:32.863663,22,1249.0,"1249.0,2.461325383,6.245944552,4.145416104,76.83845869,72.57039096",[DATA] H:100 A:0 Latency:17 us
2026-05-31T12:56:33.417240,23,699.0,"699.0,4.369701173,7.332602592,1.312393529,76.91254155,87.11526083",[DATA] H:100 A:0 Latency:22 us
2026-05-31T12:56:33.970792,24,436.0,"436.0,4.254678789,7.43832958,2.342593832,77.81353697,82.39599504",[DATA] H:100 A:0 Latency:23 us
2026-05-31T12:56:34.523710,25,885.0,"885.0,1.887027852,6.352865126,2.356187698,77.22452173,81.45093441",[DATA] H:100 A:0 Latency:16 us
2026-05-31T12:56:35.076461,26,583.0,"583.0,3.397936191,6.146661107,1.627376493,76.22426128,70.61435969",[DATA] H:100 A:0 Latency:19 us
2026-05-31T12:56:35.629458,27,773.0,"773.0,3.348316697,6.890316204,3.393287895,73.98528303,68.24275096",[DATA] H:100 A:0 Latency:17 us
2026-05-31T12:56:36.182304,28,796.0,"796.0,4.6085522,5.398473736,1.846249309,83.33728981,77.37975031",[DATA] H:100 A:0 Latency:32 us
2026-05-31T12:56:36.735029,29,591.0,"591.0,4.869288101,7.860033003,2.781762808,76.00480045,66.66709751",[DATA] H:100 A:0 Latency:23 us
2026-05-31T12:56:37.287789,30,455.0,"455.0,4.759290152,13.97116025,2.448630195,80.60016369,75.81192539",[DATA] H:0 A:1 Latency:26 us
2026-05-31T12:56:37.841603,31,1053.0,"1053.0,2.533847042,4.212193982,4.705473891,75.84209778,75.98157237",[DATA] H:100 A:0 Latency:20 us
2026-05-31T12:56:38.394665,32,646.0,"646.0,2.157195801,8.454512251,3.033518045,75.20562731,86.28989581",[DATA] H:100 A:0 Latency:26 us
2026-05-31T12:56:38.947814,33,799.0,"799.0,4.634378309,12.31190941,3.168087939,77.57523258,74.08360477",[DATA] H:100 A:0 Latency:19 us
2026-05-31T12:56:39.501374,34,1348.0,"1348.0,3.500386605,7.286885806,1.463265044,84.47375281,81.49140597",[DATA] H:100 A:0 Latency:42 us
2026-05-31T12:56:40.054853,35,635.0,"635.0,2.760153323,6.629578742,2.021019903,76.35883025,68.40312615",[DATA] H:100 A:0 Latency:25 us
2026-05-31T12:56:40.608279,36,939.0,"939.0,3.836724143,2.713572365,1.868092924,76.25914474,83.99973769",[DATA] H:100 A:0 Latency:17 us
2026-05-31T12:56:41.162280,37,657.0,"657.0,4.280497173,2.951999184,3.97608778,75.74857535,87.19195786",[DATA] H:100 A:0 Latency:26 us
2026-05-31T12:56:41.715482,38,708.0,"708.0,2.947438925,5.088072943,2.924952052,77.46225949,76.9100848",[DATA] H:100 A:0 Latency:21 us
2026-05-31T12:56:42.268121,39,1007.0,"1007.0,2.985704682,4.77585741,2.045025408,76.9033516,82.08852547",[DATA] H:100 A:0 Latency:17 us
2026-05-31T12:56:42.821628,40,773.0,"773.0,3.195954786,7.745653511,4.534210375,75.85403748,86.37386013",[DATA] H:100 A:0 Latency:22 us
2026-05-31T12:56:43.374929,41,1385.0,"1385.0,2.856924439,5.272285313,2.004513685,75.62032791,85.38164882",[DATA] H:100 A:0 Latency:30 us
2026-05-31T12:56:43.928154,42,659.0,"659.0,3.129533562,3.961213245,1.047239056,83.95811494,75.76059821",[DATA] H:100 A:0 Latency:35 us
2026-05-31T12:56:44.481631,43,751.0,"751.0,4.56511134,4.393172046,2.483414776,76.53348164,90.4327609",[DATA] H:100 A:0 Latency:27 us
2026-05-31T12:56:45.035840,44,591.0,"591.0,2.761086478,5.205312086,2.167501472,78.62024306,81.32327912",[DATA] H:100 A:0 Latency:22 us
2026-05-31T12:56:45.588593,45,1046.0,"1046.0,2.981362948,6.288947858,1.117251809,77.70409464,83.5552392",[DATA] H:100 A:0 Latency:19 us
2026-05-31T12:56:46.141080,46,829.0,"829.0,3.422599762,6.108972885,2.285778328,86.45666983,74.93880147",[DATA] H:100 A:0 Latency:42 us
2026-05-31T12:56:46.694637,47,961.0,"961.0,1.264996627,6.910787425,2.226115809,76.04902198,92.03931827",[DATA] H:100 A:0 Latency:33 us
2026-05-31T12:56:47.247340,48,696.0,"696.0,5.115436256,11.96971897,1.451358043,75.80494139,82.65265028",[DATA] H:100 A:0 Latency:23 us
2026-05-31T12:56:47.801220,49,852.0,"852.0,3.371740933,5.809203168,1.426231004,76.55381668,72.33909464",[DATA] H:100 A:0 Latency:17 us
2026-05-31T12:56:48.355023,50,706.0,"706.0,2.817028083,5.381253176,2.248736143,76.42277842,74.89123081",[DATA] H:100 A:0 Latency:18 us
2026-05-31T12:56:48.908007,51,901.0,"901.0,3.835654258,4.591213851,2.344017358,78.93005264,83.60378363",[DATA] H:100 A:0 Latency:18 us
2026-05-31T12:56:49.461239,52,740.0,"740.0,4.847549481,6.795506013,2.440095612,75.07103293,80.6502174",[DATA] H:100 A:0 Latency:19 us
2026-05-31T12:56:50.014143,53,654.0,"654.0,4.430796996,5.997907651,3.008774172,77.14450954,67.14573182",[DATA] H:100 A:0 Latency:20 us
2026-05-31T12:56:50.567533,54,449.0,"449.0,2.181478251,5.416653314,5.694339313,83.36067371,82.14306828",[DATA] H:0 A:1 Latency:23 us
2026-05-31T12:56:51.120355,55,779.0,"779.0,2.022409872,13.7865859,1.026768907,77.1271708,84.85805631",[DATA] H:100 A:0 Latency:18 us
2026-05-31T12:56:51.674867,56,1674.0,"1674.0,2.501620349,3.624157065,2.043074697,76.77232668,74.64194049",[DATA] H:100 A:0 Latency:17 us
2026-05-31T12:56:52.228016,57,587.0,"587.0,2.455164971,4.482940586,1.736345388,76.55724489,75.38142282",[DATA] H:100 A:0 Latency:14 us
2026-05-31T12:56:52.781309,58,613.0,"613.0,3.872402408,5.302400377,2.258727842,81.88824943,80.92081946",[DATA] H:0 A:1 Latency:20 us
2026-05-31T12:56:53.334120,59,691.0,"691.0,2.381064805,8.001884993,1.47437613,75.09283672,71.61194572",[DATA] H:100 A:0 Latency:23 us
2026-05-31T12:56:53.887372,60,866.0,"866.0,4.343461997,8.022555595,3.118126963,85.27476256,77.64556961",[DATA] H:0 A:1 Latency:24 us
2026-05-31T12:56:54.442437,61,697.0,"697.0,3.813757968,1.633776818,0.794513633,78.63404126,86.72923729",[DATA] H:100 A:0 Latency:30 us
2026-05-31T12:56:54.995950,62,694.0,"694.0,3.286426914,5.944093433,2.939865305,76.14288195,69.68765833",[DATA] H:100 A:0 Latency:21 us
2026-05-31T12:56:55.548312,63,850.0,"850.0,2.375657382,7.551966112,2.569235,77.13097075,86.94309762",[DATA] H:100 A:0 Latency:24 us
2026-05-31T12:56:56.102057,64,849.0,"849.0,4.952401864,11.56760565,2.64499179,77.72249932,77.24474175",[DATA] H:100 A:0 Latency:20 us
2026-05-31T12:56:56.655675,65,938.0,"938.0,3.0738283,7.414277238,4.478904102,76.09992716,73.24920895",[DATA] H:100 A:0 Latency:18 us
2026-05-31T12:56:57.209736,66,458.0,"458.0,2.659770109,5.224569371,3.099190097,77.08612355,73.93579864",[DATA] H:100 A:0 Latency:15 us
2026-05-31T12:56:57.763603,67,878.0,"878.0,4.158025164,2.537920871,1.050346611,75.83222046,76.73559684",[DATA] H:100 A:0 Latency:17 us
2026-05-31T12:56:58.316613,68,513.0,"513.0,2.482436384,5.183278841,3.365111616,75.70401543,78.26979114",[DATA] H:100 A:0 Latency:15 us
2026-05-31T12:56:58.869142,69,590.0,"590.0,3.654488533,6.650566706,2.850119322,83.66142859,75.24973832",[DATA] H:0 A:1 Latency:23 us
2026-05-31T12:56:59.421585,70,893.0,"893.0,2.817946572,6.62062814,1.567984372,75.80528798,74.36295653",[DATA] H:100 A:0 Latency:16 us
2026-05-31T12:56:59.974620,71,748.0,"748.0,2.753083469,5.715725479,5.261251561,75.18527534,79.10691274",[DATA] H:100 A:0 Latency:19 us
2026-05-31T12:57:00.529795,72,805.0,"805.0,2.91303054,17.5689917,1.746637573,74.71799504,75.25512005",[DATA] H:100 A:0 Latency:15 us
2026-05-31T12:57:01.083080,73,563.0,"563.0,3.216518822,3.501781507,1.55475179,77.18860576,73.28979791",[DATA] H:100 A:0 Latency:15 us
2026-05-31T12:57:01.635875,74,976.0,"976.0,2.849036514,3.180079643,1.1343329,76.30000531,73.24670198",[DATA] H:100 A:0 Latency:17 us
2026-05-31T12:57:02.189231,75,643.0,"643.0,3.959626634,5.833381401,1.79308827,84.03223687,90.65796262",[DATA] H:0 A:1 Latency:28 us
2026-05-31T12:57:02.742523,76,864.0,"864.0,3.265051604,3.891605672,1.399021488,85.24299314,77.45752647",[DATA] H:100 A:0 Latency:30 us
2026-05-31T12:57:03.296140,77,1108.0,"1108.0,3.587614093,7.152263983,1.504648152,76.55715821,77.42404684",[DATA] H:100 A:0 Latency:17 us
2026-05-31T12:57:03.849969,78,438.0,"438.0,2.874117909,6.37782256,2.20302365,83.56868787,67.52711961",[DATA] H:0 A:1 Latency:24 us
2026-05-31T12:57:04.404258,79,678.0,"678.0,2.061297629,8.749673194,1.76373317,75.99473881,91.52366524",[DATA] H:100 A:0 Latency:21 us
2026-05-31T12:57:04.957267,80,795.0,"795.0,3.656956183,6.081633432,4.643738687,76.28480601,68.68361693",[DATA] H:100 A:0 Latency:20 us
2026-05-31T12:57:05.509324,81,664.0,"664.0,3.978487755,7.537095002,4.853973435,76.41286716,84.56546386",[DATA] H:100 A:0 Latency:19 us
2026-05-31T12:57:06.062591,82,664.0,"664.0,4.812661613,5.354230609,1.285504251,75.87882262,79.34871611",[DATA] H:100 A:0 Latency:20 us
2026-05-31T12:57:06.615732,83,644.0,"644.0,4.327723399,4.50773466,0.956631549,76.61413506,74.8521655",[DATA] H:100 A:0 Latency:12 us
2026-05-31T12:57:07.168934,84,881.0,"881.0,4.591507984,4.548771534,1.835620871,75.9503683,75.28806355",[DATA] H:100 A:0 Latency:17 us
2026-05-31T12:57:07.722849,85,810.0,"810.0,2.986358566,6.488713782,2.274243458,78.36535699,78.265312",[DATA] H:100 A:0 Latency:18 us
2026-05-31T12:57:08.275611,86,1107.0,"1107.0,2.666871048,6.131345823,1.738025184,74.90104565,68.42245246",[DATA] H:100 A:0 Latency:17 us
2026-05-31T12:57:08.828599,87,882.0,"882.0,4.841943075,5.604364431,2.666664868,76.56105815,85.45473634",[DATA] H:100 A:0 Latency:19 us
2026-05-31T12:57:09.381103,88,596.0,"596.0,4.210487323,4.601446226,1.313461157,84.46371135,76.6307949",[DATA] H:0 A:1 Latency:26 us
2026-05-31T12:57:09.934721,89,1776.0,"1776.0,3.648059966,5.873873853,1.318789889,76.48142055,71.23378647",[DATA] H:100 A:0 Latency:17 us
2026-05-31T12:57:10.488154,90,1294.0,"1294.0,4.417271295,12.57025147,2.445931494,77.41460426,72.18097953",[DATA] H:100 A:0 Latency:17 us
2026-05-31T12:57:11.042049,91,666.0,"666.0,2.517943454,8.944874593,2.781627428,74.35555721,68.13692194",[DATA] H:100 A:0 Latency:18 us
2026-05-31T12:57:11.595770,92,442.0,"442.0,2.133638141,0.314028302,2.667828055,76.91038906,83.67252996",[DATA] H:100 A:0 Latency:15 us
2026-05-31T12:57:12.148965,93,885.0,"885.0,1.26391793,2.518659663,2.914546785,84.5215851,82.26834396",[DATA] H:100 A:0 Latency:28 us
2026-05-31T12:57:12.702417,94,577.0,"577.0,3.581444453,4.80558017,1.345729939,76.50266739,72.33354093",[DATA] H:100 A:0 Latency:16 us
2026-05-31T12:57:13.255446,95,859.0,"859.0,2.193878565,6.031276378,1.303366159,78.41384221,83.01253723",[DATA] H:100 A:0 Latency:18 us
2026-05-31T12:57:13.808415,96,585.0,"585.0,2.833766832,6.689133779,2.244056735,81.62466421,70.61133989",[DATA] H:0 A:1 Latency:25 us
2026-05-31T12:57:14.362886,97,704.0,"704.0,2.267872796,10.01271618,2.147507293,76.24817356,88.93317269",[DATA] H:100 A:0 Latency:23 us
2026-05-31T12:57:14.916178,98,500.0,"500.0,2.430457286,5.691030229,2.336999653,75.48801696,82.79542312",[DATA] H:100 A:0 Latency:21 us
2026-05-31T12:57:15.468879,99,577.0,"577.0,4.075805489,4.969334905,2.357237688,76.27309285,76.50787132",[DATA] H:100 A:0 Latency:13 us
2026-05-31T12:57:16.022667,100,829.0,"829.0,5.460025254,6.394026297,2.970531382,75.66222616,79.24011618",[DATA] H:100 A:0 Latency:18 us
2026-05-31T12:57:16.576083,101,1281.0,"1281.0,4.093606867,4.66227032,1.607835565,77.38513218,80.09425938",[DATA] H:100 A:0 Latency:15 us
2026-05-31T12:57:17.129344,102,762.0,"762.0,2.423241546,4.854528255,1.37339073,76.9543318,83.63761534",[DATA] H:100 A:0 Latency:14 us
2026-05-31T12:57:17.682682,103,1481.0,"1481.0,3.972600005,5.701679579,1.556111313,75.99768995,93.79160853",[DATA] H:100 A:0 Latency:23 us
2026-05-31T12:57:18.237950,104,1224.0,"1224.0,2.214727486,5.869446739,1.721887631,82.98158331,78.93874198",[DATA] H:100 A:0 Latency:28 us
2026-05-31T12:57:18.791053,105,1334.0,"1334.0,3.737746178,5.479429349,0.783004762,77.3176847,73.76200938",[DATA] H:100 A:0 Latency:20 us
2026-05-31T12:57:19.344040,106,388.0,"388.0,3.141249552,3.342019626,2.719029068,81.91163998,75.48676565",[DATA] H:0 A:1 Latency:18 us
2026-05-31T12:57:19.897322,107,872.0,"872.0,2.563634809,5.460596854,2.13097643,82.87267563,66.64596447",[DATA] H:100 A:0 Latency:21 us
2026-05-31T12:57:20.450309,108,619.0,"619.0,4.478510777,13.59343394,1.226316814,85.39266838,70.88431369",[DATA] H:100 A:0 Latency:32 us
2026-05-31T12:57:21.004594,109,1661.0,"1661.0,3.518120833,11.80290181,2.951990975,76.72592091,72.87272512",[DATA] H:100 A:0 Latency:18 us
2026-05-31T12:57:21.557640,110,654.0,"654.0,2.869503863,15.34664402,1.367785037,74.80520693,78.91487294",[DATA] H:100 A:0 Latency:20 us
2026-05-31T12:57:22.111300,111,952.0,"952.0,2.44869462,3.988143607,1.520395761,73.64641309,82.01507128",[DATA] H:100 A:0 Latency:15 us
2026-05-31T12:57:22.663832,112,780.0,"780.0,4.164540959,7.01528845,2.32493781,86.25077987,72.34937949",[DATA] H:0 A:1 Latency:29 us
2026-05-31T12:57:23.217270,113,658.0,"658.0,2.781480523,4.397235113,1.696599595,83.97901049,73.03823376",[DATA] H:100 A:0 Latency:25 us
2026-05-31T12:57:23.771779,114,697.0,"697.0,2.449275608,4.424065691,2.040593179,75.92381793,87.29506389",[DATA] H:100 A:0 Latency:24 us
2026-05-31T12:57:24.324625,115,797.0,"797.0,3.017164546,6.770727394,1.913546863,75.58088756,69.25287686",[DATA] H:100 A:0 Latency:22 us
2026-05-31T12:57:24.877566,116,449.0,"449.0,2.549285704,4.350933155,3.233813178,77.40213272,80.48428177",[DATA] H:100 A:0 Latency:14 us
2026-05-31T12:57:25.431014,117,565.0,"565.0,1.692545422,7.313621357,3.249909601,74.40554427,84.09232153",[DATA] H:100 A:0 Latency:19 us
2026-05-31T12:57:25.984206,118,690.0,"690.0,5.190159252,5.130944387,1.520257474,85.02745829,69.55042153",[DATA] H:100 A:0 Latency:29 us
2026-05-31T12:57:26.537825,119,618.0,"618.0,2.798816735,6.17482569,0.942659534,75.27835546,76.33779257",[DATA] H:100 A:0 Latency:24 us
2026-05-31T12:57:27.091540,120,495.0,"495.0,4.711893493,4.667762436,3.060745005,80.94244115,95.23455433",[DATA] H:0 A:1 Latency:24 us
2026-05-31T12:57:27.644609,121,833.0,"833.0,4.512386701,5.047437283,2.300782809,75.26660366,84.61243189",[DATA] H:100 A:0 Latency:22 us
2026-05-31T12:57:28.197529,122,764.0,"764.0,3.828116263,4.979883117,2.900889021,77.33968211,79.24111987",[DATA] H:100 A:0 Latency:15 us
2026-05-31T12:57:28.750323,123,721.0,"721.0,3.541263916,5.367468376,2.289658856,76.79268294,78.42414979",[DATA] H:100 A:0 Latency:18 us
2026-05-31T12:57:29.303610,124,739.0,"739.0,3.535458618,5.915657484,1.020238959,74.38178011,81.97742638",[DATA] H:100 A:0 Latency:18 us
2026-05-31T12:57:29.857081,125,989.0,"989.0,0.726166434,3.189772186,1.571435972,76.80935697,84.73935075",[DATA] H:100 A:0 Latency:19 us
2026-05-31T12:57:30.410912,126,668.0,"668.0,2.077727183,6.477922753,1.839531573,77.36917123,74.44268178",[DATA] H:100 A:0 Latency:20 us
2026-05-31T12:57:30.964250,127,1172.0,"1172.0,3.282762281,10.34829734,2.090401755,78.05237151,76.71761855",[DATA] H:100 A:0 Latency:16 us
2026-05-31T12:57:31.517069,128,657.0,"657.0,2.468920686,5.516645965,2.760213371,75.95077867,79.1811119",[DATA] H:100 A:0 Latency:19 us
2026-05-31T12:57:32.070308,129,717.0,"717.0,3.32553092,7.388977164,1.565634863,77.21903164,88.17929158",[DATA] H:100 A:0 Latency:22 us
2026-05-31T12:57:32.623998,130,816.0,"816.0,3.126299099,11.0586131,3.246944501,84.82589965,76.29628594",[DATA] H:100 A:0 Latency:27 us
2026-05-31T12:57:33.177393,131,879.0,"879.0,3.039941985,1.762921355,2.594185709,77.00119004,75.81380982",[DATA] H:100 A:0 Latency:21 us
2026-05-31T12:57:33.730812,132,711.0,"711.0,5.396527374,6.161167953,2.030553064,76.45694819,72.2832804",[DATA] H:100 A:0 Latency:18 us
2026-05-31T12:57:34.284295,133,819.0,"819.0,2.750351636,3.156032864,2.535270894,77.92618461,74.14279512",[DATA] H:100 A:0 Latency:19 us
2026-05-31T12:57:34.837341,134,1411.0,"1411.0,3.329394464,5.411344521,1.40721433,75.51658876,73.4067854",[DATA] H:100 A:0 Latency:15 us
2026-05-31T12:57:35.390347,135,970.0,"970.0,5.173883251,0.435527221,1.175465155,76.39520179,67.87844623",[DATA] H:100 A:0 Latency:17 us
2026-05-31T12:57:35.943408,136,990.0,"990.0,4.0381252,5.973015356,1.643291631,76.13477379,84.60349535",[DATA] H:100 A:0 Latency:15 us
2026-05-31T12:57:36.496206,137,1378.0,"1378.0,2.80844805,6.069563914,1.638058372,75.20653797,70.4464103",[DATA] H:100 A:0 Latency:18 us
2026-05-31T12:57:37.050449,138,929.0,"929.0,2.471971508,6.597364192,3.538679127,75.60880207,75.88127461",[DATA] H:100 A:0 Latency:15 us
2026-05-31T12:57:37.603966,139,428.0,"428.0,4.015312266,4.387232694,1.869855318,75.61926017,90.81352924",[DATA] H:100 A:0 Latency:21 us
2026-05-31T12:57:38.157319,140,620.0,"620.0,1.975893666,12.93603086,3.415524971,76.38122197,88.27501249",[DATA] H:100 A:0 Latency:26 us
2026-05-31T12:57:38.710236,141,925.0,"925.0,3.627445078,4.513433692,2.954845392,77.17481756,86.71295042",[DATA] H:100 A:0 Latency:26 us
2026-05-31T12:57:39.263223,142,778.0,"778.0,2.731842201,4.518810363,1.111431547,78.12447814,76.60856745",[DATA] H:100 A:0 Latency:18 us
2026-05-31T12:57:39.816549,143,670.0,"670.0,2.492499635,7.122014737,1.280185897,81.01274421,77.18424715",[DATA] H:0 A:1 Latency:24 us
2026-05-31T12:57:40.369304,144,1620.0,"1620.0,1.536989094,6.398304277,2.42389455,75.163334,77.34005756",[DATA] H:100 A:0 Latency:18 us
2026-05-31T12:57:40.923543,145,689.0,"689.0,2.441506273,9.308475785,1.080504064,79.5628642,73.24518703",[DATA] H:0 A:1 Latency:17 us
2026-05-31T12:57:41.477411,146,1321.0,"1321.0,2.893330432,5.216484442,1.188789089,76.53906217,81.09922246",[DATA] H:100 A:0 Latency:16 us
2026-05-31T12:57:42.030905,147,638.0,"638.0,1.940204885,1.725983559,2.558749129,76.64167976,69.90564495",[DATA] H:100 A:0 Latency:14 us
2026-05-31T12:57:42.584086,148,483.0,"483.0,2.170018205,5.710811204,2.251067417,78.21619313,82.57104873",[DATA] H:100 A:0 Latency:17 us
2026-05-31T12:57:43.138066,149,644.0,"644.0,2.178557643,3.506100743,1.867200429,76.44382393,81.5890252",[DATA] H:100 A:0 Latency:15 us
2026-05-31T12:57:43.692236,150,801.0,"801.0,4.165308131,2.003887133,3.282646158,77.50001132,81.79433362",[DATA] H:100 A:0 Latency:17 us
2026-05-31T12:57:44.245499,151,544.0,"544.0,2.835300054,4.936852212,2.54860082,77.52426394,76.82470527",[DATA] H:100 A:0 Latency:13 us
2026-05-31T12:57:44.798901,152,775.0,"775.0,4.190953102,7.745768318,4.080837192,81.79182907,78.97526317",[DATA] H:100 A:0 Latency:23 us
2026-05-31T12:57:45.352698,153,965.0,"965.0,3.033358697,2.278427726,1.297099836,78.24339773,73.32716002",[DATA] H:100 A:0 Latency:19 us
2026-05-31T12:57:45.905571,154,970.0,"970.0,4.474405433,4.268880965,2.530169065,77.40082166,83.01734637",[DATA] H:100 A:0 Latency:14 us
2026-05-31T12:57:46.458329,155,692.0,"692.0,3.90012117,7.049257954,1.909216319,77.41321276,77.82467748",[DATA] H:100 A:0 Latency:17 us
2026-05-31T12:57:47.011635,156,600.0,"600.0,4.978815317,5.478032067,1.96596001,78.47903376,71.34965289",[DATA] H:100 A:0 Latency:22 us
2026-05-31T12:57:47.565273,157,598.0,"598.0,1.1663033,8.209485195,2.45216096,77.88649193,72.89761524",[DATA] H:100 A:0 Latency:21 us
2026-05-31T12:57:48.118461,158,1694.0,"1694.0,3.772280912,11.07112555,2.174929866,75.68910669,75.50529886",[DATA] H:100 A:0 Latency:17 us
2026-05-31T12:57:48.671278,159,719.0,"719.0,3.774826185,4.936960388,2.651179204,77.11806415,77.90499174",[DATA] H:100 A:0 Latency:15 us
2026-05-31T12:57:49.224830,160,843.0,"843.0,2.440784782,6.3659421,1.739462748,82.92946885,89.9549671",[DATA] H:0 A:1 Latency:36 us
2026-05-31T12:57:49.777988,161,1121.0,"1121.0,3.823508155,6.00338822,3.120429791,77.00610408,73.47771439",[DATA] H:100 A:0 Latency:22 us
2026-05-31T12:57:50.330958,162,501.0,"501.0,2.99477498,4.47831813,1.637320865,76.78483587,63.97067607",[DATA] H:100 A:0 Latency:14 us
2026-05-31T12:57:50.883904,163,779.0,"779.0,3.740722614,7.808329661,1.541833657,75.87969903,69.48116684",[DATA] H:100 A:0 Latency:19 us
2026-05-31T12:57:51.437084,164,861.0,"861.0,2.506005539,6.829980847,2.286770681,75.84301896,88.91946405",[DATA] H:100 A:0 Latency:24 us
2026-05-31T12:57:51.990411,165,780.0,"780.0,2.86783303,4.770536201,1.408910574,75.475542,77.66175843",[DATA] H:100 A:0 Latency:20 us
2026-05-31T12:57:52.543576,166,623.0,"623.0,2.195767764,4.46618155,1.248517552,83.23664854,79.26689652",[DATA] H:0 A:1 Latency:22 us
2026-05-31T12:57:53.097144,167,808.0,"808.0,1.991122417,6.125850519,2.744537342,78.16278946,87.86718373",[DATA] H:0 A:1 Latency:27 us
2026-05-31T12:57:53.650702,168,1074.0,"1074.0,3.737906137,10.96807602,1.625575161,75.35410921,78.73236134",[DATA] H:100 A:0 Latency:25 us
2026-05-31T12:57:54.204797,169,740.0,"740.0,3.056827535,3.683837544,2.124681329,81.96455459,76.2781772",[DATA] H:100 A:0 Latency:19 us
2026-05-31T12:57:54.758235,170,800.0,"800.0,2.841431392,6.841369399,1.655518342,83.51191683,70.31626348",[DATA] H:100 A:0 Latency:24 us
2026-05-31T12:57:55.310877,171,763.0,"763.0,2.526961993,4.759057395,1.724618736,77.59759118,86.97513439",[DATA] H:100 A:0 Latency:28 us
2026-05-31T12:57:55.863964,172,735.0,"735.0,3.600737521,1.753670802,2.772469577,76.68178035,81.0644829",[DATA] H:100 A:0 Latency:22 us
2026-05-31T12:57:56.416791,173,474.0,"474.0,2.372313395,9.212597586,0.76771055,86.59158833,86.25552489",[DATA] H:0 A:1 Latency:32 us
2026-05-31T12:57:56.969714,174,666.0,"666.0,3.309324648,5.17202472,0.262600613,76.31671718,86.38672994",[DATA] H:100 A:0 Latency:30 us
2026-05-31T12:57:57.523539,175,858.0,"858.0,2.740992298,12.21937836,1.114087748,80.60320127,85.45312207",[DATA] H:0 A:1 Latency:28 us
2026-05-31T12:57:58.076887,176,819.0,"819.0,1.964465891,8.280937231,2.355673709,74.87857891,68.0609734",[DATA] H:100 A:0 Latency:25 us
2026-05-31T12:57:58.629793,177,399.0,"399.0,1.616966609,12.08420404,1.976504482,75.81905079,75.47314341",[DATA] H:100 A:0 Latency:17 us
2026-05-31T12:57:59.182171,178,1030.0,"1030.0,3.215202878,7.902835964,2.038030342,76.54294245,71.28515292",[DATA] H:100 A:0 Latency:18 us
2026-05-31T12:57:59.735521,179,620.0,"620.0,2.490412021,3.33418469,1.042336434,77.80023973,86.91208597",[DATA] H:100 A:0 Latency:24 us
2026-05-31T12:58:00.288672,180,1459.0,"1459.0,2.993030147,14.86966956,1.745653813,77.97271433,84.21268905",[DATA] H:100 A:0 Latency:22 us
2026-05-31T12:58:00.842498,181,913.0,"913.0,3.579091873,3.160604993,2.805944002,78.06472222,70.21188544",[DATA] H:100 A:0 Latency:17 us
2026-05-31T12:58:01.396200,182,593.0,"593.0,2.362149622,6.135191403,1.211968063,77.34780683,74.51319051",[DATA] H:100 A:0 Latency:20 us
2026-05-31T12:58:01.949258,183,391.0,"391.0,2.073258636,10.82307721,1.632910991,76.09983844,74.32658699",[DATA] H:100 A:0 Latency:17 us
2026-05-31T12:58:02.502878,184,718.0,"718.0,5.350954462,2.938806158,3.194436139,75.12708362,77.05350991",[DATA] H:100 A:0 Latency:16 us
2026-05-31T12:58:03.055895,185,626.0,"626.0,4.040809654,6.296280956,2.758977449,78.60073324,83.51737827",[DATA] H:0 A:1 Latency:18 us
2026-05-31T12:58:03.609155,186,1058.0,"1058.0,0.57937415,5.740930511,2.244358497,81.92085432,79.06874769",[DATA] H:0 A:1 Latency:26 us
2026-05-31T12:58:04.162646,187,805.0,"805.0,2.266602917,6.697597147,0.155649761,81.94656804,82.36303583",[DATA] H:100 A:0 Latency:23 us
2026-05-31T12:58:04.716509,188,794.0,"794.0,5.060360314,8.134557547,2.057678451,82.19162577,84.4368073",[DATA] H:100 A:0 Latency:27 us
2026-05-31T12:58:05.269610,189,963.0,"963.0,2.70588335,7.155380363,6.151323455,77.36978827,75.41650773",[DATA] H:100 A:0 Latency:20 us
2026-05-31T12:58:05.822425,190,895.0,"895.0,3.787666275,5.626424687,2.444182626,76.06546036,81.31894986",[DATA] H:100 A:0 Latency:16 us
2026-05-31T12:58:06.375317,191,562.0,"562.0,3.76044811,8.619020303,2.668799226,73.76683309,84.06245114",[DATA] H:100 A:0 Latency:16 us
2026-05-31T12:58:06.929110,192,924.0,"924.0,3.503636823,8.331432367,1.175183395,76.62563683,72.25480208",[DATA] H:100 A:0 Latency:17 us
2026-05-31T12:58:07.483623,193,535.0,"535.0,3.749576817,4.412681253,2.327189854,81.76736141,74.11808511",[DATA] H:100 A:0 Latency:20 us
2026-05-31T12:58:08.037090,194,636.0,"636.0,4.035666015,6.981595773,1.517036249,78.52841211,73.32198505",[DATA] H:100 A:0 Latency:20 us
2026-05-31T12:58:08.590166,195,896.0,"896.0,2.687259217,5.106726664,4.868988253,78.35161146,79.07773315",[DATA] H:100 A:0 Latency:18 us
2026-05-31T12:58:09.143265,196,1256.0,"1256.0,2.307970944,5.620646088,2.507053699,77.79832927,83.42495911",[DATA] H:100 A:0 Latency:17 us
2026-05-31T12:58:09.697773,197,1334.0,"1334.0,3.877046868,6.62564613,1.109298619,79.92586546,81.27620476",[DATA] H:100 A:0 Latency:21 us
2026-05-31T12:58:10.251199,198,911.0,"911.0,5.064813888,7.939205502,2.869245424,77.3200312,77.9019753",[DATA] H:100 A:0 Latency:16 us
2026-05-31T12:58:10.804946,199,1435.0,"1435.0,2.623801722,8.572543197,2.309843193,76.19896602,90.04585756",[DATA] H:100 A:0 Latency:24 us
2026-05-31T12:58:11.357706,200,761.0,"761.0,3.419064964,5.35965649,1.638043005,75.93628293,70.42744757",[DATA] H:100 A:0 Latency:20 us
2026-05-31T12:58:11.910079,201,1366.0,"1366.0,4.149745828,5.54838358,2.258294895,80.92530049,78.23179043",[DATA] H:100 A:0 Latency:22 us
2026-05-31T12:58:12.463061,202,552.0,"552.0,3.913291816,4.786406401,3.747532148,77.77133679,88.0874394",[DATA] H:100 A:0 Latency:23 us
2026-05-31T12:58:13.016176,203,701.0,"701.0,3.072903006,2.875460079,1.531374512,76.37243677,77.33280416",[DATA] H:100 A:0 Latency:20 us
2026-05-31T12:58:13.569323,204,710.0,"710.0,4.28783806,16.16594997,2.560724337,73.81037555,71.0751473",[DATA] H:100 A:0 Latency:18 us
2026-05-31T12:58:14.122962,205,881.0,"881.0,4.508584397,1.823706738,2.611214434,73.63149225,86.22380009",[DATA] H:100 A:0 Latency:27 us
2026-05-31T12:58:14.675699,206,388.0,"388.0,2.959983992,12.82881802,1.517932149,81.94628375,70.63155778",[DATA] H:0 A:1 Latency:25 us
2026-05-31T12:58:15.228940,207,737.0,"737.0,4.621479399,5.908824889,1.831711407,77.61340829,70.89634298",[DATA] H:100 A:0 Latency:21 us
2026-05-31T12:58:15.781783,208,669.0,"669.0,4.916708538,3.812912441,3.056460265,74.14268768,74.31645252",[DATA] H:100 A:0 Latency:15 us
2026-05-31T12:58:16.335546,209,663.0,"663.0,2.244654644,2.923399719,2.102534969,73.86854525,76.51287375",[DATA] H:100 A:0 Latency:13 us
2026-05-31T12:58:16.889073,210,1033.0,"1033.0,3.229125825,6.051614999,2.186849669,77.61406156,82.95607829",[DATA] H:100 A:0 Latency:16 us
2026-05-31T12:58:17.441873,211,544.0,"544.0,2.04929961,4.292368074,4.914337108,75.71054384,94.07309357",[DATA] H:0 A:1 Latency:21 us
2026-05-31T12:58:17.996414,212,502.0,"502.0,4.450185373,5.187412552,2.301391796,74.59122052,78.07530236",[DATA] H:100 A:0 Latency:20 us
2026-05-31T12:58:18.549530,213,1000.0,"1000.0,3.296396721,3.809594953,2.263667878,75.61763641,89.73362683",[DATA] H:100 A:0 Latency:24 us
2026-05-31T12:58:19.102099,214,1154.0,"1154.0,3.319094211,1.999086201,1.277658326,82.15168618,78.13854997",[DATA] H:100 A:0 Latency:25 us
2026-05-31T12:58:19.655165,215,801.0,"801.0,3.223139318,10.62407743,2.028256825,74.87079172,84.46720455",[DATA] H:100 A:0 Latency:21 us
2026-05-31T12:58:20.208352,216,665.0,"665.0,3.76645578,4.99443944,1.779222159,77.411579,82.51709283",[DATA] H:100 A:0 Latency:12 us
2026-05-31T12:58:20.763070,217,963.0,"963.0,1.860025498,4.713369672,1.817198766,76.23397889,83.34901283",[DATA] H:100 A:0 Latency:16 us
2026-05-31T12:58:21.316759,218,582.0,"582.0,4.331407503,10.29785707,4.251674202,77.5824004,87.89711135",[DATA] H:100 A:0 Latency:20 us
2026-05-31T12:58:21.869665,219,481.0,"481.0,3.967326699,8.721202436,2.212565165,78.30909627,81.3657434",[DATA] H:0 A:1 Latency:21 us
2026-05-31T12:58:22.422487,220,537.0,"537.0,4.349171427,5.235084955,3.500016983,77.56512708,84.39419559",[DATA] H:100 A:0 Latency:18 us
2026-05-31T12:58:22.976031,221,904.0,"904.0,1.58635918,7.532629711,1.351027396,77.89293307,81.59382536",[DATA] H:100 A:0 Latency:17 us
2026-05-31T12:58:23.529444,222,739.0,"739.0,3.450818081,6.902708899,1.322024431,77.74944294,77.65847196",[DATA] H:100 A:0 Latency:17 us
2026-05-31T12:58:24.082801,223,1331.0,"1331.0,4.214476826,3.231521189,2.080049324,83.73460583,74.45206159",[DATA] H:100 A:0 Latency:26 us
2026-05-31T12:58:24.635692,224,536.0,"536.0,3.908921658,7.415393795,2.544380421,84.55627801,85.26739442",[DATA] H:0 A:1 Latency:25 us
2026-05-31T12:58:25.189154,225,512.0,"512.0,2.503028123,6.384516498,1.759595224,75.92649733,69.17384119",[DATA] H:100 A:0 Latency:24 us
2026-05-31T12:58:25.742708,226,1046.0,"1046.0,1.699897976,5.904739463,2.59087353,79.56981266,67.40503794",[DATA] H:100 A:0 Latency:16 us
2026-05-31T12:58:26.295951,227,630.0,"630.0,4.211055499,7.043989472,2.798201015,74.46290377,77.72833586",[DATA] H:100 A:0 Latency:20 us
2026-05-31T12:58:26.849764,228,530.0,"530.0,4.601008641,7.371770259,3.304200119,76.47265978,72.06043302",[DATA] H:100 A:0 Latency:19 us
2026-05-31T12:58:27.404174,229,709.0,"709.0,2.809189491,7.388941976,2.659268414,75.82708769,85.68049186",[DATA] H:100 A:0 Latency:20 us
2026-05-31T12:58:27.957626,230,501.0,"501.0,2.877292426,6.562203857,2.273539013,77.08120593,83.31447358",[DATA] H:100 A:0 Latency:24 us
2026-05-31T12:58:28.511293,231,1286.0,"1286.0,5.123405337,3.826147648,3.254757157,77.36771884,71.8645535",[DATA] H:100 A:0 Latency:16 us
2026-05-31T12:58:29.065026,232,524.0,"524.0,3.223531922,8.185101829,1.864353329,79.28166436,68.35636908",[DATA] H:0 A:1 Latency:22 us
2026-05-31T12:58:29.618174,233,980.0,"980.0,3.534892935,9.049000477,1.02072074,76.79780933,80.01259821",[DATA] H:100 A:0 Latency:18 us
2026-05-31T12:58:30.171684,234,571.0,"571.0,3.562234894,7.634627697,2.680775148,76.31956202,69.89012285",[DATA] H:100 A:0 Latency:17 us
2026-05-31T12:58:30.725420,235,541.0,"541.0,3.106032156,6.35737297,1.723225484,76.65431812,86.09074175",[DATA] H:100 A:0 Latency:19 us
2026-05-31T12:58:31.278639,236,422.0,"422.0,2.800016094,9.509489124,1.308560751,77.1760091,71.52253542",[DATA] H:100 A:0 Latency:22 us
2026-05-31T12:58:31.831429,237,430.0,"430.0,2.204474841,5.465012499,3.322512546,77.58549323,77.06680054",[DATA] H:100 A:0 Latency:15 us
2026-05-31T12:58:32.385153,238,778.0,"778.0,1.816552073,3.484873143,4.932171294,76.96896917,93.59854514",[DATA] H:100 A:0 Latency:30 us
2026-05-31T12:58:32.938851,239,861.0,"861.0,2.800656627,4.493413967,3.052897981,85.25899559,66.76317808",[DATA] H:100 A:0 Latency:26 us
2026-05-31T12:58:33.493397,240,801.0,"801.0,4.844748811,5.800132136,1.122829918,81.39952372,84.06258244",[DATA] H:100 A:0 Latency:23 us
2026-05-31T12:58:34.046738,241,588.0,"588.0,2.279882569,6.519157307,1.870973735,75.67549622,73.37826669",[DATA] H:100 A:0 Latency:20 us
2026-05-31T12:58:34.599535,242,709.0,"709.0,2.041255051,5.204610104,2.546201765,75.93220451,80.21703813",[DATA] H:100 A:0 Latency:19 us
2026-05-31T12:58:35.152418,243,1161.0,"1161.0,3.917831065,4.313888583,1.856955376,75.42774511,74.67580475",[DATA] H:100 A:0 Latency:18 us
2026-05-31T12:58:35.705790,244,1509.0,"1509.0,2.019219865,5.066364734,1.215184528,75.30299588,90.13896995",[DATA] H:100 A:0 Latency:24 us
2026-05-31T12:58:36.259249,245,805.0,"805.0,2.360811182,3.327082866,2.911210625,76.68551918,86.04908446",[DATA] H:100 A:0 Latency:28 us
2026-05-31T12:58:36.813109,246,655.0,"655.0,4.155320261,8.471903672,3.378533434,81.70732285,78.80529701",[DATA] H:0 A:1 Latency:26 us
2026-05-31T12:58:37.366536,247,517.0,"517.0,2.689715155,5.210714194,2.781936729,75.52423805,80.05967356",[DATA] H:100 A:0 Latency:19 us
2026-05-31T12:58:37.919726,248,591.0,"591.0,4.028301931,4.070511474,1.812845755,78.49083331,83.91410103",[DATA] H:100 A:0 Latency:14 us
2026-05-31T12:58:38.472625,249,696.0,"696.0,1.821536839,6.976635097,2.645536607,77.59272421,83.36132238",[DATA] H:100 A:0 Latency:18 us
2026-05-31T12:58:39.026315,250,780.0,"780.0,2.594671525,5.25603517,2.114896407,74.99287021,75.52746711",[DATA] H:100 A:0 Latency:20 us
2026-05-31T12:58:39.580108,251,866.0,"866.0,3.591858552,5.766891163,2.12715587,74.8821863,67.33672702",[DATA] H:100 A:0 Latency:17 us
2026-05-31T12:58:40.134591,252,749.0,"749.0,3.658544748,6.224741423,1.830673611,76.55675054,88.64465041",[DATA] H:100 A:0 Latency:23 us
2026-05-31T12:58:40.687621,253,1040.0,"1040.0,2.405620624,4.027048735,2.310443897,77.64123326,78.22876958",[DATA] H:100 A:0 Latency:19 us
2026-05-31T12:58:41.240442,254,1327.0,"1327.0,5.087356467,5.781094109,2.286023079,87.54407157,72.36174151",[DATA] H:100 A:0 Latency:26 us
2026-05-31T12:58:41.793259,255,482.0,"482.0,2.147541959,6.791549905,1.694399697,77.5420809,75.72898029",[DATA] H:100 A:0 Latency:25 us
2026-05-31T12:58:42.347128,256,1128.0,"1128.0,3.071798151,8.674373081,1.455921571,77.66240902,71.66781046",[DATA] H:100 A:0 Latency:16 us
2026-05-31T12:58:42.900632,257,823.0,"823.0,3.139223334,10.61133234,3.108060926,75.66364503,71.09794903",[DATA] H:100 A:0 Latency:15 us
2026-05-31T12:58:43.454193,258,481.0,"481.0,4.00227243,6.414769892,2.62245543,76.51218219,79.7703121",[DATA] H:100 A:0 Latency:19 us
2026-05-31T12:58:44.007179,259,715.0,"715.0,3.391693931,6.977153879,3.127147077,76.86964175,87.90080895",[DATA] H:100 A:0 Latency:21 us
2026-05-31T12:58:44.559949,260,777.0,"777.0,2.878184831,5.310217663,1.92796711,77.3427578,90.10934981",[DATA] H:100 A:0 Latency:28 us
2026-05-31T12:58:45.112227,261,489.0,"489.0,2.658754062,9.22885607,1.440676698,75.41804088,72.27827768",[DATA] H:100 A:0 Latency:24 us
2026-05-31T12:58:45.665656,262,2143.0,"2143.0,3.853206431,5.925107221,1.680421141,74.38747862,72.49846715",[DATA] H:100 A:0 Latency:17 us
2026-05-31T12:58:46.219925,263,546.0,"546.0,4.851892187,3.735397979,1.739177599,74.44467104,76.39858175",[DATA] H:100 A:0 Latency:13 us
2026-05-31T12:58:46.772513,264,997.0,"997.0,4.416057798,6.087603739,1.996547469,84.13125189,81.28544233",[DATA] H:100 A:0 Latency:26 us
2026-05-31T12:58:47.325507,265,840.0,"840.0,2.38850886,5.910935982,2.867046316,77.62074556,85.87196062",[DATA] H:100 A:0 Latency:27 us
2026-05-31T12:58:47.878631,266,885.0,"885.0,2.595258832,6.281356915,1.306826289,78.01662549,82.99573444",[DATA] H:100 A:0 Latency:20 us
2026-05-31T12:58:48.431477,267,897.0,"897.0,3.410800042,4.636446543,2.362026558,77.44752392,81.00984162",[DATA] H:100 A:0 Latency:17 us
2026-05-31T12:58:48.985522,268,983.0,"983.0,2.262431298,6.521835644,3.415522659,80.39118402,85.32117413",[DATA] H:0 A:1 Latency:29 us
2026-05-31T12:58:49.538200,269,722.0,"722.0,3.775291779,2.813665785,1.621221584,77.32992076,83.61454428",[DATA] H:100 A:0 Latency:22 us
2026-05-31T12:58:50.091336,270,1067.0,"1067.0,4.434499033,4.109890158,2.596118485,77.35028763,77.04324442",[DATA] H:100 A:0 Latency:14 us
2026-05-31T12:58:50.645341,271,542.0,"542.0,4.254908285,8.099125506,1.634836672,77.8476894,82.56585805",[DATA] H:100 A:0 Latency:19 us
2026-05-31T12:58:51.198168,272,691.0,"691.0,4.19682616,5.681365047,0.413226196,76.10441351,79.69139668",[DATA] H:100 A:0 Latency:16 us
2026-05-31T12:58:51.751341,273,499.0,"499.0,1.954928139,8.795584313,7.478504946,75.09981779,69.62034279",[DATA] H:100 A:0 Latency:20 us
2026-05-31T12:58:52.304430,274,973.0,"973.0,1.745771099,4.873722624,0.951156685,74.68796365,81.04747923",[DATA] H:100 A:0 Latency:16 us
2026-05-31T12:58:52.857922,275,946.0,"946.0,3.849383377,6.707001242,4.278407392,77.63406592,79.40818217",[DATA] H:100 A:0 Latency:17 us
2026-05-31T12:58:53.411517,276,594.0,"594.0,2.815001427,5.785647553,2.620107064,74.7189057,72.33769303",[DATA] H:100 A:0 Latency:16 us
2026-05-31T12:58:53.965902,277,976.0,"976.0,3.39895702,4.262822449,3.320656003,81.15031266,73.16137196",[DATA] H:100 A:0 Latency:22 us
2026-05-31T12:58:54.519171,278,572.0,"572.0,4.425364303,6.432936316,2.668228874,77.22501746,83.12086873",[DATA] H:100 A:0 Latency:19 us
2026-05-31T12:58:55.071657,279,621.0,"621.0,3.212518971,1.170841376,2.347319063,77.5550223,89.36292788",[DATA] H:100 A:0 Latency:25 us
2026-05-31T12:58:55.624648,280,1235.0,"1235.0,2.925276875,5.589505083,2.756010986,85.93315531,66.61064249",[DATA] H:100 A:0 Latency:27 us
2026-05-31T12:58:56.177638,281,1007.0,"1007.0,3.95716375,7.097336389,4.006331779,74.80680614,74.53677104",[DATA] H:100 A:0 Latency:18 us
2026-05-31T12:58:56.731484,282,569.0,"569.0,3.149942157,8.260608254,2.78801616,76.07792719,84.20029673",[DATA] H:100 A:0 Latency:18 us
2026-05-31T12:58:57.285566,283,923.0,"923.0,2.965317209,5.9397089,4.128663109,77.4185536,73.81682768",[DATA] H:100 A:0 Latency:17 us
2026-05-31T12:58:57.839453,284,654.0,"654.0,3.889446798,6.338459494,3.438980783,78.20383921,84.51594621",[DATA] H:0 A:1 Latency:18 us
2026-05-31T12:58:58.391927,285,1032.0,"1032.0,2.187449269,0.802338474,1.484003364,84.38738912,84.18781183",[DATA] H:100 A:0 Latency:27 us
2026-05-31T12:58:58.945114,286,768.0,"768.0,3.930075806,8.669401284,1.477826486,76.45760825,74.76368522",[DATA] H:100 A:0 Latency:22 us
2026-05-31T12:58:59.499506,287,1041.0,"1041.0,2.710782286,5.166483134,1.005668985,75.80007221,75.81781182",[DATA] H:100 A:0 Latency:19 us
2026-05-31T12:59:00.053921,288,647.0,"647.0,3.086512164,8.270053285,3.066045636,77.09138972,70.52732732",[DATA] H:100 A:0 Latency:18 us
2026-05-31T12:59:00.607745,289,500.0,"500.0,5.399561339,13.96014886,3.026601004,82.93238211,67.5225927",[DATA] H:0 A:1 Latency:27 us
2026-05-31T12:59:01.161161,290,412.0,"412.0,3.053376119,4.36654156,5.385198222,76.0441276,89.79459079",[DATA] H:100 A:0 Latency:19 us
2026-05-31T12:59:01.714472,291,549.0,"549.0,3.374475497,5.72738184,1.942505323,79.73734362,79.19694687",[DATA] H:0 A:1 Latency:25 us
2026-05-31T12:59:02.267578,292,1031.0,"1031.0,2.441322241,4.167830604,2.726957259,77.41626471,69.20891404",[DATA] H:100 A:0 Latency:19 us
2026-05-31T12:59:02.823068,293,790.0,"790.0,4.763694361,8.891062982,3.31138837,81.43625602,69.0106841",[DATA] H:100 A:0 Latency:20 us
2026-05-31T12:59:03.376862,294,1032.0,"1032.0,2.743544067,8.270690131,2.676869126,75.70625148,70.36320683",[DATA] H:100 A:0 Latency:17 us
2026-05-31T12:59:03.930317,295,924.0,"924.0,3.258789351,6.835463353,2.062347386,76.56397175,75.7992831",[DATA] H:100 A:0 Latency:18 us
2026-05-31T12:59:04.482944,296,499.0,"499.0,2.237017844,6.676767864,2.152286883,75.92423307,67.97268081",[DATA] H:100 A:0 Latency:16 us
2026-05-31T12:59:05.036257,297,544.0,"544.0,3.573358565,4.029156016,2.296087141,77.11855499,66.89852737",[DATA] H:100 A:0 Latency:15 us
2026-05-31T12:59:05.589123,298,505.0,"505.0,4.29602848,6.603779859,1.929350027,82.0680808,85.77671551",[DATA] H:0 A:1 Latency:22 us
2026-05-31T12:59:06.141895,299,885.0,"885.0,3.187193468,7.628478897,2.919921011,81.04656257,86.77722259",[DATA] H:0 A:1 Latency:27 us
2026-05-31T12:59:06.696147,300,882.0,"882.0,4.37445591,3.925168842,2.210078633,76.15327875,76.36820161",[DATA] H:100 A:0 Latency:19 us
2026-05-31T12:59:07.249215,301,936.0,"936.0,2.940127611,5.477091915,1.363026625,77.76732805,77.45324168",[DATA] H:100 A:0 Latency:17 us
2026-05-31T12:59:07.802133,302,788.0,"788.0,3.43029847,3.310953735,1.945210006,74.62605528,85.35587049",[DATA] H:100 A:0 Latency:19 us
2026-05-31T12:59:08.354843,303,610.0,"610.0,3.216234911,3.987396883,3.701799793,76.75480669,82.760357",[DATA] H:100 A:0 Latency:16 us
2026-05-31T12:59:08.908138,304,428.0,"428.0,2.322199422,6.124861525,1.135874698,79.05349107,81.1544641",[DATA] H:0 A:1 Latency:18 us
2026-05-31T12:59:09.461177,305,738.0,"738.0,2.223118357,6.593811189,2.20141551,74.64100054,80.61457378",[DATA] H:100 A:0 Latency:21 us
2026-05-31T12:59:10.015269,306,517.0,"517.0,1.845045939,4.534602727,2.851049588,77.75789942,79.63173554",[DATA] H:100 A:0 Latency:15 us
2026-05-31T12:59:10.568500,307,667.0,"667.0,3.033921531,5.834819421,2.038694957,78.38363986,71.6945578",[DATA] H:100 A:0 Latency:17 us
2026-05-31T12:59:11.121193,308,554.0,"554.0,2.306515589,9.34525279,2.797016163,77.04629608,80.36764896",[DATA] H:100 A:0 Latency:20 us
2026-05-31T12:59:11.674261,309,586.0,"586.0,2.179880721,6.722774867,2.732387526,82.49132521,75.87484055",[DATA] H:0 A:1 Latency:20 us
2026-05-31T12:59:12.227671,310,957.0,"957.0,2.864088192,6.208948057,2.545857494,76.01892631,84.53968777",[DATA] H:100 A:0 Latency:18 us
2026-05-31T12:59:12.781342,311,648.0,"648.0,1.929845223,7.745250072,1.627197865,81.28162848,90.57875638",[DATA] H:0 A:1 Latency:22 us
2026-05-31T12:59:13.334815,312,1009.0,"1009.0,4.155122309,7.459583237,3.038278547,82.5224274,87.00739224",[DATA] H:0 A:1 Latency:31 us
2026-05-31T12:59:13.888191,313,629.0,"629.0,3.729362006,7.120917667,2.456310435,82.33275985,91.76116725",[DATA] H:0 A:1 Latency:26 us
2026-05-31T12:59:14.441427,314,915.0,"915.0,4.008496774,5.455346274,2.498977717,84.61274189,89.25638403",[DATA] H:0 A:1 Latency:30 us
2026-05-31T12:59:14.994422,315,371.0,"371.0,2.488661801,5.07480778,1.900460601,74.84327152,75.32020664",[DATA] H:100 A:0 Latency:20 us
2026-05-31T12:59:15.547662,316,898.0,"898.0,3.162766965,13.58341972,1.242296723,81.31174434,85.01525963",[DATA] H:0 A:1 Latency:27 us
2026-05-31T12:59:16.101223,317,495.0,"495.0,3.541827446,4.438543557,1.428871405,76.48639841,78.52609268",[DATA] H:100 A:0 Latency:16 us
2026-05-31T12:59:16.654909,318,914.0,"914.0,3.586253409,4.453000127,2.676788188,85.09802601,92.17334001",[DATA] H:0 A:1 Latency:29 us
2026-05-31T12:59:17.208283,319,1168.0,"1168.0,1.890517436,3.894231096,1.842436594,78.15795681,87.18967365",[DATA] H:0 A:1 Latency:33 us
2026-05-31T12:59:17.761096,320,707.0,"707.0,2.634857565,4.488514571,2.391427213,85.86741582,70.69068079",[DATA] H:100 A:0 Latency:32 us
2026-05-31T12:59:18.314907,321,574.0,"574.0,2.45406964,8.334916112,4.187982181,76.34289433,72.68553301",[DATA] H:100 A:0 Latency:16 us
2026-05-31T12:59:18.867810,322,717.0,"717.0,2.600141891,2.569573628,1.283312146,74.95213012,73.92178589",[DATA] H:100 A:0 Latency:16 us
2026-05-31T12:59:19.420635,323,496.0,"496.0,4.845074483,15.46040695,2.552628819,76.18925782,82.93016446",[DATA] H:100 A:0 Latency:17 us
2026-05-31T12:59:19.974806,324,1111.0,"1111.0,2.908997177,7.195431409,1.435878782,76.78164974,72.26123278",[DATA] H:100 A:0 Latency:18 us
2026-05-31T12:59:20.528437,325,566.0,"566.0,2.944894992,7.214433356,1.777656894,75.11438576,79.60322619",[DATA] H:100 A:0 Latency:16 us
2026-05-31T12:59:21.081541,326,708.0,"708.0,4.256101514,5.068812985,2.995721818,78.56240642,81.34916224",[DATA] H:100 A:0 Latency:17 us
2026-05-31T12:59:21.634451,327,1537.0,"1537.0,4.958383013,5.902650249,1.895764475,77.65303258,65.21637383",[DATA] H:100 A:0 Latency:16 us
2026-05-31T12:59:22.187716,328,1201.0,"1201.0,4.704802332,8.118579755,0.725781644,76.2818507,77.04940719",[DATA] H:100 A:0 Latency:16 us
2026-05-31T12:59:22.741164,329,587.0,"587.0,3.94412927,8.095783075,1.057100254,78.19983715,75.67201637",[DATA] H:100 A:0 Latency:19 us
2026-05-31T12:59:23.295237,330,690.0,"690.0,2.758632963,6.208755232,2.250550879,73.41157905,68.75585102",[DATA] H:100 A:0 Latency:23 us
2026-05-31T12:59:23.848420,331,397.0,"397.0,4.234094848,11.44139542,1.161446823,77.4338282,77.6714575",[DATA] H:100 A:0 Latency:18 us
2026-05-31T12:59:24.400880,332,940.0,"940.0,5.436204974,5.036528615,1.534481903,83.42970187,77.65910446",[DATA] H:100 A:0 Latency:24 us
2026-05-31T12:59:24.953839,333,527.0,"527.0,3.267653731,7.484247583,2.695506931,75.83481351,77.12542123",[DATA] H:100 A:0 Latency:20 us
2026-05-31T12:59:25.507819,334,679.0,"679.0,2.941300447,7.880442478,0.989406989,86.1320727,86.30884451",[DATA] H:0 A:1 Latency:29 us
2026-05-31T12:59:26.061621,335,563.0,"563.0,3.226487087,1.567822839,2.826844248,76.66796713,71.90576023",[DATA] H:100 A:0 Latency:22 us
2026-05-31T12:59:26.615889,336,680.0,"680.0,2.344083155,6.19247068,1.544709709,75.56262439,70.72586474",[DATA] H:100 A:0 Latency:19 us
2026-05-31T12:59:27.171071,337,647.0,"647.0,2.700602791,7.882033072,1.681084366,76.16884442,81.35064409",[DATA] H:100 A:0 Latency:19 us
2026-05-31T12:59:27.724610,338,739.0,"739.0,3.405188455,8.951781472,1.622521984,82.20953109,66.33515106",[DATA] H:100 A:0 Latency:27 us
2026-05-31T12:59:28.277736,339,1126.0,"1126.0,2.148108388,3.422696977,2.049038553,75.29368513,81.58904554",[DATA] H:100 A:0 Latency:17 us
2026-05-31T12:59:28.831042,340,1145.0,"1145.0,4.436744615,5.686701371,2.96589891,74.06224887,71.00266913",[DATA] H:100 A:0 Latency:16 us
2026-05-31T12:59:29.384517,341,616.0,"616.0,4.428794968,5.175949281,1.534142949,77.36287654,87.28599213",[DATA] H:100 A:0 Latency:23 us
2026-05-31T12:59:29.938330,342,845.0,"845.0,3.779472379,7.825719783,1.560637789,76.41089699,86.06718086",[DATA] H:100 A:0 Latency:24 us
2026-05-31T12:59:30.490479,343,496.0,"496.0,2.714257622,6.77725727,2.576025082,74.58859679,85.73009872",[DATA] H:100 A:0 Latency:25 us
2026-05-31T12:59:31.043202,344,380.0,"380.0,2.393187575,6.411880481,3.040397864,77.90534967,81.82903054",[DATA] H:100 A:0 Latency:24 us
2026-05-31T12:59:31.596333,345,887.0,"887.0,3.307588243,9.062877545,3.330726218,77.35288294,81.34195555",[DATA] H:100 A:0 Latency:16 us
2026-05-31T12:59:32.149925,346,1179.0,"1179.0,3.308126694,6.162965271,0.736781032,75.67839738,71.43085438",[DATA] H:100 A:0 Latency:15 us
2026-05-31T12:59:32.704136,347,565.0,"565.0,2.874321866,14.47957576,3.026680688,76.51212534,79.31081993",[DATA] H:100 A:0 Latency:18 us
2026-05-31T12:59:33.257596,348,1089.0,"1089.0,2.725300475,13.376654,2.219507717,75.95855978,74.78036457",[DATA] H:100 A:0 Latency:15 us
2026-05-31T12:59:33.811138,349,675.0,"675.0,4.119901132,3.520088933,2.079198375,76.67654183,82.77298049",[DATA] H:100 A:0 Latency:16 us
2026-05-31T12:59:34.363730,350,534.0,"534.0,3.962444863,6.387971676,3.210711543,76.20939618,76.08016384",[DATA] H:100 A:0 Latency:17 us
2026-05-31T12:59:34.917198,351,1297.0,"1297.0,1.650601481,3.442698113,1.277926224,77.83313998,72.3863118",[DATA] H:100 A:0 Latency:18 us
2026-05-31T12:59:35.471080,352,619.0,"619.0,2.274108677,8.247605371,2.511699413,79.78197425,88.3346158",[DATA] H:0 A:1 Latency:23 us
2026-05-31T12:59:36.025374,353,614.0,"614.0,2.777943792,3.654726062,2.284569489,76.91387287,79.78834057",[DATA] H:100 A:0 Latency:20 us
2026-05-31T12:59:36.579240,354,935.0,"935.0,3.819247589,5.480947786,3.19790943,76.02807204,75.19104566",[DATA] H:100 A:0 Latency:17 us
2026-05-31T12:59:37.132841,355,792.0,"792.0,4.943103043,6.1445404,0.735619185,75.32856355,68.95849789",[DATA] H:100 A:0 Latency:17 us
2026-05-31T12:59:37.686449,356,971.0,"971.0,4.482730073,6.670373082,1.895137372,77.25420533,73.42432407",[DATA] H:100 A:0 Latency:16 us
2026-05-31T12:59:38.239842,357,639.0,"639.0,5.226335922,4.721771294,1.417380224,74.88782749,80.65363376",[DATA] H:100 A:0 Latency:12 us
2026-05-31T12:59:38.793843,358,1008.0,"1008.0,2.539658358,9.541675103,1.27546244,72.98607904,66.9709354",[DATA] H:100 A:0 Latency:17 us
2026-05-31T12:59:39.346565,359,1013.0,"1013.0,2.716310543,8.349537852,2.272053348,74.78587681,71.47839754",[DATA] H:100 A:0 Latency:16 us
2026-05-31T12:59:39.898905,360,626.0,"626.0,3.014915091,6.20352397,2.540162503,86.71948305,72.52736741",[DATA] H:0 A:1 Latency:33 us
2026-05-31T12:59:40.451535,361,672.0,"672.0,5.648501615,6.169548912,3.170248023,76.06702978,74.61167005",[DATA] H:100 A:0 Latency:26 us
2026-05-31T12:59:41.004946,362,1583.0,"1583.0,1.964509192,6.0831389,2.781231617,82.01243363,82.43852034",[DATA] H:100 A:0 Latency:24 us
2026-05-31T12:59:41.558475,363,872.0,"872.0,3.313780745,7.33699729,1.631873479,77.82973994,81.08317531",[DATA] H:100 A:0 Latency:21 us
2026-05-31T12:59:42.113452,364,722.0,"722.0,3.205493407,6.150237921,4.854586184,77.85182088,77.95609224",[DATA] H:100 A:0 Latency:19 us
2026-05-31T12:59:42.666772,365,1185.0,"1185.0,3.953726305,4.745544577,1.544882328,83.60575208,67.80543559",[DATA] H:100 A:0 Latency:24 us
2026-05-31T12:59:43.219577,366,405.0,"405.0,3.744056549,5.171750586,1.636251072,76.68874762,70.06387003",[DATA] H:100 A:0 Latency:18 us
2026-05-31T12:59:43.772667,367,1086.0,"1086.0,2.625588801,3.765344712,1.811358686,77.04368528,82.62726219",[DATA] H:100 A:0 Latency:18 us
2026-05-31T12:59:44.326238,368,752.0,"752.0,2.917488493,5.365836692,2.682838542,77.21227745,85.00367249",[DATA] H:100 A:0 Latency:23 us
2026-05-31T12:59:44.879364,369,854.0,"854.0,3.701387056,10.27598283,1.610027008,83.98789429,70.13915142",[DATA] H:100 A:0 Latency:28 us
2026-05-31T12:59:45.432401,370,938.0,"938.0,3.773804107,6.109775368,1.444430617,81.54483964,68.90939994",[DATA] H:100 A:0 Latency:21 us
2026-05-31T12:59:45.986707,371,1103.0,"1103.0,3.214466104,7.848660723,3.064995766,77.02291552,74.89609101",[DATA] H:100 A:0 Latency:20 us
2026-05-31T12:59:46.539678,372,775.0,"775.0,4.427195104,6.825079541,1.142140514,74.87528886,70.96918025",[DATA] H:100 A:0 Latency:19 us
2026-05-31T12:59:47.092962,373,1048.0,"1048.0,2.603507529,7.099990708,3.768879364,82.1328633,80.49122825",[DATA] H:100 A:0 Latency:24 us
2026-05-31T12:59:47.646656,374,908.0,"908.0,3.033810183,4.897281715,2.225713178,81.6329511,77.37121538",[DATA] H:100 A:0 Latency:24 us
2026-05-31T12:59:48.198914,375,711.0,"711.0,0.277026815,7.959514618,2.135120524,85.74238726,87.93355551",[DATA] H:0 A:1 Latency:26 us
2026-05-31T12:59:48.752775,376,367.0,"367.0,3.092527386,4.256093122,1.603433779,75.49990447,72.21062605",[DATA] H:100 A:0 Latency:18 us
2026-05-31T12:59:49.306615,377,834.0,"834.0,5.07602409,3.652050151,1.955598594,88.60273387,72.9241561",[DATA] H:0 A:1 Latency:30 us
2026-05-31T12:59:49.859964,378,512.0,"512.0,2.596976215,6.619944062,1.158087783,80.84318484,75.07329256",[DATA] H:0 A:1 Latency:29 us
2026-05-31T12:59:50.412859,379,496.0,"496.0,2.776466528,7.044184329,1.43484187,86.34149912,81.78973153",[DATA] H:0 A:1 Latency:31 us
2026-05-31T12:59:50.966705,380,956.0,"956.0,2.081544139,4.666259575,1.299379346,76.75962719,79.43480476",[DATA] H:100 A:0 Latency:24 us
2026-05-31T12:59:51.520162,381,822.0,"822.0,4.735052942,3.570197337,1.795399718,77.75719729,83.38450257",[DATA] H:100 A:0 Latency:13 us
2026-05-31T12:59:52.074319,382,468.0,"468.0,1.87112655,7.339342575,1.333240965,79.85779688,82.89547708",[DATA] H:0 A:1 Latency:20 us
2026-05-31T12:59:52.627391,383,716.0,"716.0,2.264139453,7.098555583,1.367217072,75.36607032,91.62960872",[DATA] H:100 A:0 Latency:22 us
2026-05-31T12:59:53.180066,384,607.0,"607.0,4.692884107,7.188208573,0.996438857,77.96952283,67.44994677",[DATA] H:100 A:0 Latency:23 us
2026-05-31T12:59:53.733053,385,805.0,"805.0,3.235801444,11.76667358,1.769592947,76.68654698,76.28472096",[DATA] H:100 A:0 Latency:15 us
2026-05-31T12:59:54.286824,386,482.0,"482.0,2.704870344,7.348635037,3.410127161,76.43028872,85.99130471",[DATA] H:100 A:0 Latency:21 us
2026-05-31T12:59:54.840146,387,649.0,"649.0,3.880061013,4.496855883,2.401344673,78.65628124,79.68615571",[DATA] H:100 A:0 Latency:17 us
2026-05-31T12:59:55.394211,388,491.0,"491.0,2.883946428,6.243481895,0.893448511,77.8866752,81.06015251",[DATA] H:100 A:0 Latency:21 us
2026-05-31T12:59:55.947601,389,1363.0,"1363.0,3.676642434,4.376828199,5.052523359,84.85299611,89.77546423",[DATA] H:0 A:1 Latency:27 us
2026-05-31T12:59:56.500609,390,934.0,"934.0,3.780505947,6.937541795,1.292789211,74.84466195,74.58541843",[DATA] H:100 A:0 Latency:22 us
2026-05-31T12:59:57.053522,391,1288.0,"1288.0,3.87078183,13.27609129,3.230853645,76.41165191,82.00165777",[DATA] H:100 A:0 Latency:16 us
2026-05-31T12:59:57.606835,392,950.0,"950.0,3.004948058,13.11044077,2.616091599,77.72622706,87.24483141",[DATA] H:100 A:0 Latency:21 us
2026-05-31T12:59:58.160142,393,635.0,"635.0,1.971362125,10.17227075,5.517483928,75.87701368,91.01856525",[DATA] H:100 A:0 Latency:25 us
2026-05-31T12:59:58.713225,394,709.0,"709.0,3.181248672,7.343082196,2.037337711,76.89156158,79.52450289",[DATA] H:100 A:0 Latency:25 us
2026-05-31T12:59:59.266961,395,521.0,"521.0,2.826811289,7.056943341,2.418158245,75.58506168,80.33262745",[DATA] H:100 A:0 Latency:17 us
2026-05-31T12:59:59.820294,396,786.0,"786.0,4.450374339,11.26051884,2.502196729,78.42448991,85.18110998",[DATA] H:100 A:0 Latency:23 us
2026-05-31T13:00:00.373737,397,448.0,"448.0,5.036269396,7.219824274,3.218888274,83.96671616,73.60070053",[DATA] H:100 A:0 Latency:25 us
2026-05-31T13:00:00.927191,398,518.0,"518.0,0.143224595,8.248790385,2.914021317,82.57116137,66.80763915",[DATA] H:0 A:1 Latency:19 us
2026-05-31T13:00:01.480715,399,540.0,"540.0,2.167433806,3.831530994,2.944296059,74.59381393,79.20035155",[DATA] H:100 A:0 Latency:14 us
2026-05-31T13:00:02.034266,400,561.0,"561.0,3.577082558,9.53178914,2.78853329,77.68883641,70.13353038",[DATA] H:100 A:0 Latency:19 us
2026-05-31T13:00:02.587529,401,812.0,"812.0,1.972568598,3.923613952,1.4355975,77.87184264,74.15727582",[DATA] H:100 A:0 Latency:15 us
2026-05-31T13:00:03.140634,402,779.0,"779.0,2.44105346,5.687651246,1.433893617,76.15160876,78.87864392",[DATA] H:100 A:0 Latency:19 us
2026-05-31T13:00:03.693982,403,556.0,"556.0,3.898827615,5.618928186,1.668414199,78.41686489,80.14592911",[DATA] H:0 A:1 Latency:18 us
2026-05-31T13:00:04.246762,404,1003.0,"1003.0,3.489661789,5.402622308,1.048219179,76.74198839,77.92372203",[DATA] H:100 A:0 Latency:20 us
2026-05-31T13:00:04.799416,405,860.0,"860.0,3.034183262,7.996621579,2.489548574,74.65427745,88.94029409",[DATA] H:100 A:0 Latency:19 us
2026-05-31T13:00:05.353371,406,706.0,"706.0,4.017797875,6.128531743,2.106175504,76.69952747,81.83811437",[DATA] H:100 A:0 Latency:24 us
2026-05-31T13:00:05.906387,407,587.0,"587.0,3.754205321,8.312614549,1.325188616,76.0947077,81.72899229",[DATA] H:100 A:0 Latency:19 us
2026-05-31T13:00:06.459877,408,922.0,"922.0,3.785792744,6.95568102,2.697845186,75.73914859,87.35718483",[DATA] H:100 A:0 Latency:22 us
2026-05-31T13:00:07.012914,409,1011.0,"1011.0,3.586074722,0.451073145,1.72224853,75.85988697,87.11665066",[DATA] H:100 A:0 Latency:24 us
2026-05-31T13:00:07.566440,410,758.0,"758.0,2.750954717,1.226343206,1.015933556,81.76118045,81.6880215",[DATA] H:100 A:0 Latency:25 us
2026-05-31T13:00:08.119535,411,583.0,"583.0,2.425361997,5.294153093,1.85210759,78.3858597,72.55138615",[DATA] H:100 A:0 Latency:19 us
2026-05-31T13:00:08.672317,412,397.0,"397.0,1.935581809,5.737016106,0.98865443,76.09238802,75.08744138",[DATA] H:100 A:0 Latency:20 us
2026-05-31T13:00:09.226537,413,966.0,"966.0,2.816623082,8.061114245,1.087021379,77.3766384,90.4870456",[DATA] H:100 A:0 Latency:19 us
2026-05-31T13:00:09.780717,414,583.0,"583.0,2.616892445,3.788787607,1.21311947,77.78823497,71.00004546",[DATA] H:100 A:0 Latency:17 us
2026-05-31T13:00:10.333332,415,662.0,"662.0,3.969043205,4.49052052,1.301790037,78.22422824,83.4730168",[DATA] H:100 A:0 Latency:12 us
2026-05-31T13:00:10.886272,416,790.0,"790.0,3.671562032,9.162122911,2.048472916,87.57330929,80.32402027",[DATA] H:0 A:1 Latency:28 us
2026-05-31T13:00:11.439906,417,519.0,"519.0,0.837446276,4.980771683,2.603721045,76.40950921,78.23946108",[DATA] H:100 A:0 Latency:21 us
2026-05-31T13:00:11.993607,418,489.0,"489.0,4.015674293,7.325900916,3.128338251,75.31783229,70.01327957",[DATA] H:100 A:0 Latency:19 us
2026-05-31T13:00:12.546661,419,526.0,"526.0,3.004260873,13.13773173,2.500653952,82.01845964,76.18677811",[DATA] H:0 A:1 Latency:27 us
2026-05-31T13:00:13.099570,420,604.0,"604.0,3.60594976,6.852550497,1.79774938,75.87940895,84.65657819",[DATA] H:100 A:0 Latency:19 us
2026-05-31T13:00:13.652397,421,1280.0,"1280.0,2.983731999,7.221169887,3.227294347,77.25404267,77.46043378",[DATA] H:100 A:0 Latency:20 us
2026-05-31T13:00:14.205402,422,751.0,"751.0,2.322490163,3.232059685,1.780487076,78.14970411,75.30806542",[DATA] H:100 A:0 Latency:16 us
2026-05-31T13:00:14.758936,423,909.0,"909.0,1.902371013,5.652577907,1.433371313,79.00222348,73.73373418",[DATA] H:100 A:0 Latency:18 us
2026-05-31T13:00:15.312274,424,980.0,"980.0,3.332947125,6.946913764,3.655490879,73.74935612,65.19769951",[DATA] H:100 A:0 Latency:16 us
2026-05-31T13:00:15.865822,425,759.0,"759.0,3.098269394,6.114424066,2.048741754,76.72128476,85.9934161",[DATA] H:100 A:0 Latency:21 us
2026-05-31T13:00:16.419674,426,679.0,"679.0,1.982309353,2.531894311,1.871692019,84.13806782,77.74818146",[DATA] H:100 A:0 Latency:27 us
2026-05-31T13:00:16.972175,427,543.0,"543.0,2.65336999,5.951917798,2.101911694,81.48294003,88.0927524",[DATA] H:0 A:1 Latency:23 us
2026-05-31T13:00:17.526184,428,1320.0,"1320.0,3.382781659,6.779424739,2.422881861,80.53659431,78.96310155",[DATA] H:100 A:0 Latency:25 us
2026-05-31T13:00:18.079704,429,663.0,"663.0,3.400009565,5.44995519,0.983850392,75.92676164,78.71224985",[DATA] H:100 A:0 Latency:22 us
2026-05-31T13:00:18.633366,430,701.0,"701.0,3.398926799,5.957214017,3.986627195,83.47246393,75.17982238",[DATA] H:100 A:0 Latency:23 us
2026-05-31T13:00:19.186794,431,569.0,"569.0,4.63769974,4.458156197,2.400935815,74.5919155,77.30948959",[DATA] H:100 A:0 Latency:15 us
2026-05-31T13:00:19.740594,432,975.0,"975.0,2.851345612,3.436134987,1.413888889,81.85690884,89.61064854",[DATA] H:0 A:1 Latency:32 us
2026-05-31T13:00:20.294383,433,523.0,"523.0,4.037701127,6.639511551,2.150149092,78.42849102,90.30814983",[DATA] H:0 A:1 Latency:28 us
2026-05-31T13:00:20.848008,434,761.0,"761.0,0.601278411,7.514691591,1.50813992,75.90878459,68.83460165",[DATA] H:100 A:0 Latency:20 us
2026-05-31T13:00:21.401512,435,904.0,"904.0,3.920830109,7.780998684,1.711286576,75.8790468,88.31969015",[DATA] H:100 A:0 Latency:24 us
2026-05-31T13:00:21.955573,436,1521.0,"1521.0,4.184503225,6.73725678,2.019259385,77.6763855,76.17671097",[DATA] H:100 A:0 Latency:19 us
2026-05-31T13:00:22.508671,437,516.0,"516.0,2.781434902,3.43391761,2.312806856,81.0532459,72.43674572",[DATA] H:100 A:0 Latency:20 us
2026-05-31T13:00:23.061818,438,629.0,"629.0,4.701922692,4.314284437,2.665642191,88.62279222,74.95259259",[DATA] H:0 A:1 Latency:27 us
2026-05-31T13:00:23.615356,439,790.0,"790.0,3.728301954,9.260903495,2.20711127,85.15694104,83.73275861",[DATA] H:0 A:1 Latency:32 us
2026-05-31T13:00:24.169527,440,869.0,"869.0,3.905235219,5.31025725,0.784706166,78.41106851,78.79049062",[DATA] H:100 A:0 Latency:20 us
2026-05-31T13:00:24.723399,441,945.0,"945.0,6.45811012,3.353950794,1.502761083,76.69807139,75.43535683",[DATA] H:100 A:0 Latency:18 us
2026-05-31T13:00:25.277062,442,1223.0,"1223.0,4.102128217,5.65741539,3.278998978,74.16114253,75.21818661",[DATA] H:100 A:0 Latency:16 us
2026-05-31T13:00:25.830212,443,1384.0,"1384.0,0.259479674,12.14284087,3.785984041,77.78951386,86.34632501",[DATA] H:100 A:0 Latency:23 us
2026-05-31T13:00:26.383542,444,946.0,"946.0,4.652486153,3.863066946,1.449658463,87.25092099,64.58149398",[DATA] H:0 A:1 Latency:26 us
2026-05-31T13:00:26.937056,445,830.0,"830.0,2.942511018,6.471500104,2.429485003,75.42491476,80.32461847",[DATA] H:100 A:0 Latency:22 us
2026-05-31T13:00:27.490131,446,1124.0,"1124.0,3.016499862,1.813251616,1.799600588,75.13755147,66.88456062",[DATA] H:100 A:0 Latency:14 us
2026-05-31T13:00:28.044078,447,823.0,"823.0,3.460977962,2.919108164,2.97767107,76.70341299,71.89963533",[DATA] H:100 A:0 Latency:16 us
2026-05-31T13:00:28.597320,448,710.0,"710.0,2.290682776,6.530769571,2.855587169,76.44985252,75.02954183",[DATA] H:100 A:0 Latency:17 us
2026-05-31T13:00:29.150309,449,628.0,"628.0,4.299812131,6.671608398,2.586010835,76.11393027,84.79508363",[DATA] H:100 A:0 Latency:20 us
2026-05-31T13:00:29.703044,450,840.0,"840.0,2.574044629,5.26762219,2.09115582,83.44104638,79.62446236",[DATA] H:100 A:0 Latency:24 us
2026-05-31T13:00:30.256798,451,569.0,"569.0,2.681017459,7.633607685,3.286169701,76.10963977,75.5320678",[DATA] H:100 A:0 Latency:22 us
2026-05-31T13:00:30.810027,452,496.0,"496.0,1.874389346,7.724722874,2.341019239,76.19984659,75.11678322",[DATA] H:100 A:0 Latency:17 us
2026-05-31T13:00:31.363461,453,615.0,"615.0,3.829215083,1.28678917,1.585029704,74.8057878,86.74351432",[DATA] H:100 A:0 Latency:25 us
2026-05-31T13:00:31.917715,454,370.0,"370.0,4.74462323,6.713390234,2.592523433,77.21526755,79.54199466",[DATA] H:100 A:0 Latency:21 us
2026-05-31T13:00:32.470834,455,448.0,"448.0,4.527674827,13.41128319,2.534686426,76.61852704,77.05492303",[DATA] H:100 A:0 Latency:19 us
2026-05-31T13:00:33.023877,456,739.0,"739.0,4.476393553,6.69971841,2.924731694,77.67058784,92.73184378",[DATA] H:100 A:0 Latency:21 us
2026-05-31T13:00:33.577275,457,576.0,"576.0,3.338777676,5.735033887,2.883196307,73.41123256,79.28007302",[DATA] H:100 A:0 Latency:22 us
2026-05-31T13:00:34.130733,458,582.0,"582.0,2.259615955,5.801183494,3.65621534,75.86056714,88.16974513",[DATA] H:100 A:0 Latency:20 us
2026-05-31T13:00:34.685011,459,780.0,"780.0,4.71701366,6.541896053,1.303481428,87.79319765,79.38836427",[DATA] H:0 A:1 Latency:32 us
2026-05-31T13:00:35.238540,460,685.0,"685.0,2.941039657,5.785641512,2.032577537,75.77190098,87.52646514",[DATA] H:100 A:0 Latency:29 us
2026-05-31T13:00:35.791340,461,782.0,"782.0,1.961151236,8.56439345,2.511618166,76.43830417,77.37116979",[DATA] H:100 A:0 Latency:23 us
2026-05-31T13:00:36.344774,462,847.0,"847.0,3.938406115,6.985322435,3.359049516,77.64375934,69.54319352",[DATA] H:100 A:0 Latency:18 us
2026-05-31T13:00:36.898801,463,887.0,"887.0,1.464346295,7.417346634,1.864806525,76.30812372,81.65293378",[DATA] H:100 A:0 Latency:15 us
2026-05-31T13:00:37.452386,464,887.0,"887.0,4.192601051,6.797956157,1.064139576,77.90613712,75.12396606",[DATA] H:100 A:0 Latency:18 us
2026-05-31T13:00:38.006729,465,854.0,"854.0,4.24401965,4.926447648,2.525502423,76.14305045,83.47121288",[DATA] H:100 A:0 Latency:15 us
2026-05-31T13:00:38.559752,466,656.0,"656.0,3.001340265,5.105646317,1.614635996,75.63930854,86.25978976",[DATA] H:100 A:0 Latency:22 us
2026-05-31T13:00:39.112599,467,699.0,"699.0,4.602142311,3.331015429,0.805562024,76.85278503,79.45571762",[DATA] H:100 A:0 Latency:17 us
2026-05-31T13:00:39.666215,468,1606.0,"1606.0,4.398524811,5.503495054,1.675167803,76.97447105,87.88562744",[DATA] H:100 A:0 Latency:22 us
2026-05-31T13:00:40.220063,469,817.0,"817.0,3.201312876,7.377102603,1.521308242,76.26651168,69.32056161",[DATA] H:100 A:0 Latency:18 us
2026-05-31T13:00:40.774186,470,894.0,"894.0,3.238417942,8.618690217,0.824224067,74.51936582,76.30568819",[DATA] H:100 A:0 Latency:17 us
2026-05-31T13:00:41.327465,471,621.0,"621.0,4.430691786,9.945979303,1.448946567,75.83255821,75.24289129",[DATA] H:100 A:0 Latency:18 us
2026-05-31T13:00:41.879986,472,676.0,"676.0,5.154383951,4.014879862,2.983216075,75.10503626,68.77949551",[DATA] H:100 A:0 Latency:18 us
2026-05-31T13:00:42.432273,473,716.0,"716.0,5.199400012,4.975387382,1.145154993,77.61123089,77.47106159",[DATA] H:100 A:0 Latency:11 us
2026-05-31T13:00:42.986435,474,552.0,"552.0,3.144595021,4.855246799,2.849956465,75.45311259,65.6732725",[DATA] H:100 A:0 Latency:14 us
2026-05-31T13:00:43.539793,475,966.0,"966.0,2.06923878,8.427977649,1.770769208,75.28473986,82.85768629",[DATA] H:100 A:0 Latency:17 us
2026-05-31T13:00:44.093128,476,761.0,"761.0,3.728717017,6.29386227,1.252481553,77.63778309,75.46511108",[DATA] H:100 A:0 Latency:19 us
2026-05-31T13:00:44.647084,477,1621.0,"1621.0,3.975351075,3.342588654,1.015608455,78.56365877,71.79632562",[DATA] H:100 A:0 Latency:17 us
2026-05-31T13:00:45.201019,478,996.0,"996.0,3.48858981,6.673206631,2.771706855,76.75405893,79.70216042",[DATA] H:100 A:0 Latency:17 us
2026-05-31T13:00:45.754581,479,1499.0,"1499.0,3.083166966,6.530456608,2.538132193,78.28365169,74.56120639",[DATA] H:100 A:0 Latency:16 us
2026-05-31T13:00:46.307582,480,862.0,"862.0,3.025410304,4.462318553,1.824859725,75.90760598,63.61718586",[DATA] H:100 A:0 Latency:18 us
2026-05-31T13:00:46.860872,481,645.0,"645.0,2.862686887,6.011060261,3.372621873,74.44079863,91.14581683",[DATA] H:100 A:0 Latency:26 us
2026-05-31T13:00:47.415578,482,726.0,"726.0,2.510793024,6.347151307,2.250761224,83.98750795,65.6091507",[DATA] H:0 A:1 Latency:32 us
2026-05-31T13:00:47.968756,483,914.0,"914.0,2.97960631,9.607924349,2.534476996,84.83697761,74.9742769",[DATA] H:100 A:0 Latency:21 us
2026-05-31T13:00:48.521834,484,1091.0,"1091.0,4.958479744,5.022005122,3.241100416,84.05806407,80.32297074",[DATA] H:100 A:0 Latency:27 us
2026-05-31T13:00:49.074530,485,737.0,"737.0,1.970876938,7.204581113,2.82073315,77.7897889,82.50302116",[DATA] H:100 A:0 Latency:23 us
2026-05-31T13:00:49.628200,486,628.0,"628.0,2.50224204,13.76926041,2.339963009,80.9200354,72.59569966",[DATA] H:0 A:1 Latency:20 us
2026-05-31T13:00:50.181797,487,601.0,"601.0,1.813163805,2.33720087,2.495572971,75.79442361,78.06824787",[DATA] H:100 A:0 Latency:15 us
2026-05-31T13:00:50.736014,488,1063.0,"1063.0,2.95081446,11.88618156,1.192207881,78.12703377,74.53617347",[DATA] H:100 A:0 Latency:18 us
2026-05-31T13:00:51.288724,489,662.0,"662.0,2.774692646,8.75979063,1.05824716,76.91175243,86.18190153",[DATA] H:100 A:0 Latency:21 us
2026-05-31T13:00:51.840836,490,944.0,"944.0,2.86383119,8.249719312,3.122879827,78.1755495,84.49419092",[DATA] H:100 A:0 Latency:21 us
2026-05-31T13:00:52.394288,491,634.0,"634.0,3.086882573,1.364795774,1.887486386,77.97362857,74.95564298",[DATA] H:100 A:0 Latency:12 us
2026-05-31T13:00:52.947953,492,729.0,"729.0,2.884048986,5.825322967,2.464401959,78.80196301,79.59228827",[DATA] H:100 A:0 Latency:17 us
2026-05-31T13:00:53.500812,493,530.0,"530.0,2.155602189,2.779284043,2.797448267,76.45191225,78.16467134",[DATA] H:100 A:0 Latency:14 us
2026-05-31T13:00:54.054199,494,925.0,"925.0,2.081278554,3.379855821,3.268657176,75.37625916,78.00412257",[DATA] H:100 A:0 Latency:17 us
2026-05-31T13:00:54.606903,495,750.0,"750.0,2.799875311,7.631014562,2.911683498,76.63794498,79.40488845",[DATA] H:100 A:0 Latency:17 us
2026-05-31T13:00:55.160058,496,902.0,"902.0,3.361349877,5.506638716,2.291460383,81.42356272,75.56599293",[DATA] H:100 A:0 Latency:20 us
2026-05-31T13:00:55.712990,497,1069.0,"1069.0,1.678349015,4.980654695,3.202777876,72.76674656,72.21271275",[DATA] H:100 A:0 Latency:20 us
2026-05-31T13:00:56.265987,498,531.0,"531.0,2.311120949,5.961368328,2.831200933,77.51840051,73.44799886",[DATA] H:100 A:0 Latency:16 us
2026-05-31T13:00:56.818895,499,535.0,"535.0,2.398537367,6.649382167,2.509934443,75.40213959,82.22937067",[DATA] H:100 A:0 Latency:19 us
2026-05-31T13:00:57.372094,500,1273.0,"1273.0,4.581257293,5.127918353,1.322969347,78.80520551,88.43411568",[DATA] H:100 A:0 Latency:21 us
2026-05-31T13:00:57.925676,501,1099.0,"1099.0,2.772396462,10.39417748,1.758073952,74.82565721,84.2048848",[DATA] H:100 A:0 Latency:21 us
2026-05-31T13:00:58.479813,502,406.0,"406.0,3.524711558,3.420953507,3.021717598,75.95806721,77.15634185",[DATA] H:100 A:0 Latency:13 us
2026-05-31T13:00:59.032460,503,838.0,"838.0,4.443468496,6.18930982,1.730792705,86.37594358,86.31434267",[DATA] H:0 A:1 Latency:27 us
2026-05-31T13:00:59.585763,504,537.0,"537.0,3.243790979,10.1770417,2.876193696,76.83444042,74.56281898",[DATA] H:100 A:0 Latency:22 us
2026-05-31T13:01:00.139317,505,683.0,"683.0,5.406167244,10.89710208,3.891155602,77.42847337,69.17010543",[DATA] H:100 A:0 Latency:20 us
2026-05-31T13:01:00.692721,506,1073.0,"1073.0,2.157046822,3.499127343,2.599046387,74.3896665,78.0387269",[DATA] H:100 A:0 Latency:16 us
2026-05-31T13:01:01.247123,507,1110.0,"1110.0,2.571307693,4.697183074,2.317045939,74.89955239,72.48881185",[DATA] H:100 A:0 Latency:17 us
2026-05-31T13:01:01.800083,508,982.0,"982.0,4.403864564,7.665391403,2.449049831,76.33439804,73.0484552",[DATA] H:100 A:0 Latency:15 us
2026-05-31T13:01:02.353186,509,504.0,"504.0,2.893385024,6.02519117,1.513985722,81.41786316,82.93630058",[DATA] H:0 A:1 Latency:20 us
2026-05-31T13:01:02.905391,510,866.0,"866.0,4.345612403,4.099512542,1.099195011,78.99241849,71.5855513",[DATA] H:100 A:0 Latency:18 us
2026-05-31T13:01:03.458457,511,863.0,"863.0,2.710188587,6.892567746,2.146167651,88.42386186,75.8490956",[DATA] H:0 A:1 Latency:27 us
2026-05-31T13:01:04.011925,512,634.0,"634.0,3.791634567,11.74519053,1.706863942,82.04421653,77.2488714",[DATA] H:0 A:1 Latency:28 us
2026-05-31T13:01:04.566166,513,697.0,"697.0,4.401611928,2.474715945,1.957102121,76.25895324,81.75371689",[DATA] H:100 A:0 Latency:17 us
2026-05-31T13:01:05.120434,514,701.0,"701.0,4.980955334,4.482216445,1.512679463,75.09814308,84.11414415",[DATA] H:100 A:0 Latency:11 us
2026-05-31T13:01:05.673653,515,555.0,"555.0,4.247507441,0.625999717,3.108186393,82.89391042,83.62292674",[DATA] H:0 A:1 Latency:19 us
2026-05-31T13:01:06.229872,516,444.0,"444.0,3.037433454,7.542188142,1.687151165,74.05554878,81.55608815",[DATA] H:100 A:0 Latency:19 us
2026-05-31T13:01:06.784526,517,579.0,"579.0,3.276845847,4.038914619,1.404801741,77.24114393,83.57065581",[DATA] H:100 A:0 Latency:16 us
2026-05-31T13:01:07.339701,518,1341.0,"1341.0,2.856092785,14.86914018,1.658590657,77.22870576,75.10064279",[DATA] H:100 A:0 Latency:19 us
2026-05-31T13:01:07.893483,519,568.0,"568.0,3.162449682,6.200137387,1.97545269,78.17779982,82.94701607",[DATA] H:0 A:1 Latency:20 us
2026-05-31T13:01:08.447697,520,1004.0,"1004.0,4.598015355,4.720632153,2.610429528,81.92349285,73.00496763",[DATA] H:100 A:0 Latency:21 us
2026-05-31T13:01:09.001487,521,902.0,"902.0,5.03157767,5.635402126,0.393704565,78.60021534,75.00542322",[DATA] H:100 A:0 Latency:19 us
2026-05-31T13:01:09.555961,522,855.0,"855.0,2.336942986,5.900080927,2.045913567,85.95224781,74.4010374",[DATA] H:100 A:0 Latency:21 us
2026-05-31T13:01:10.109944,523,805.0,"805.0,4.026815672,7.442839879,2.751056889,77.33852978,81.2242681",[DATA] H:100 A:0 Latency:18 us
2026-05-31T13:01:10.663308,524,393.0,"393.0,5.71106805,18.41824809,1.500020071,75.34062983,87.48892235",[DATA] H:100 A:0 Latency:19 us
2026-05-31T13:01:11.216447,525,766.0,"766.0,2.662948827,12.27024893,1.944767603,75.40208888,65.90760433",[DATA] H:100 A:0 Latency:24 us
2026-05-31T13:01:11.770278,526,799.0,"799.0,2.449096111,5.291652866,2.23529831,77.14148439,69.32294962",[DATA] H:100 A:0 Latency:15 us
2026-05-31T13:01:12.324427,527,282.0,"282.0,2.697698266,5.985888799,1.2275029,77.47628451,74.81463618",[DATA] H:100 A:0 Latency:19 us
2026-05-31T13:01:12.878766,528,908.0,"908.0,3.643042597,6.483142044,6.826048275,77.85058323,81.33803182",[DATA] H:100 A:0 Latency:15 us
2026-05-31T13:01:13.432001,529,1134.0,"1134.0,3.334654539,7.141066205,3.538895973,75.49839239,73.76635618",[DATA] H:100 A:0 Latency:17 us
2026-05-31T13:01:13.986006,530,836.0,"836.0,3.268768412,4.624212528,0.998205316,75.91002603,73.89714826",[DATA] H:100 A:0 Latency:15 us
2026-05-31T13:01:14.539301,531,452.0,"452.0,4.955552325,5.556582761,2.922042981,74.7092951,68.68016957",[DATA] H:100 A:0 Latency:17 us
2026-05-31T13:01:15.093544,532,638.0,"638.0,2.62835048,4.268695399,1.735175468,78.16476019,67.16773119",[DATA] H:100 A:0 Latency:13 us
2026-05-31T13:01:15.648822,533,1234.0,"1234.0,3.299613038,5.844859861,3.206803532,76.75907111,72.99887471",[DATA] H:100 A:0 Latency:19 us
2026-05-31T13:01:16.202249,534,657.0,"657.0,3.930378865,6.300935462,1.583625337,78.52986988,77.53383494",[DATA] H:100 A:0 Latency:18 us
2026-05-31T13:01:16.755201,535,1109.0,"1109.0,4.364793687,6.9576559,1.255467599,77.46951823,82.46817807",[DATA] H:100 A:0 Latency:18 us
2026-05-31T13:01:17.308555,536,584.0,"584.0,2.575541327,4.619378831,2.802962933,77.31439322,63.53942949",[DATA] H:100 A:0 Latency:14 us
2026-05-31T13:01:17.861938,537,1260.0,"1260.0,4.11748472,5.193181186,3.089205161,76.09139644,91.60013446",[DATA] H:100 A:0 Latency:20 us
2026-05-31T13:01:18.415291,538,562.0,"562.0,2.364777323,8.740706129,1.805732125,76.54417427,78.16796868",[DATA] H:100 A:0 Latency:22 us
2026-05-31T13:01:18.969196,539,916.0,"916.0,1.747559747,6.281865942,1.842295237,78.41662973,89.48258113",[DATA] H:0 A:1 Latency:25 us
2026-05-31T13:01:19.522682,540,987.0,"987.0,4.600370821,3.870395218,2.417034628,78.5932737,73.644605",[DATA] H:100 A:0 Latency:23 us
2026-05-31T13:01:20.076725,541,1507.0,"1507.0,2.084759612,4.900020884,1.617427597,77.92053401,89.66274049",[DATA] H:100 A:0 Latency:23 us
2026-05-31T13:01:20.631286,542,539.0,"539.0,4.662042471,4.25991694,2.386211315,76.39783273,83.67923363",[DATA] H:100 A:0 Latency:19 us
2026-05-31T13:01:21.185347,543,1463.0,"1463.0,4.24597106,5.299983889,2.644055719,82.96432832,79.35462356",[DATA] H:100 A:0 Latency:24 us
2026-05-31T13:01:21.738523,544,551.0,"551.0,4.965934023,5.327157484,1.44482783,74.88851704,82.33837043",[DATA] H:100 A:0 Latency:20 us
2026-05-31T13:01:22.291643,545,1294.0,"1294.0,4.461226757,6.811442581,1.182381005,78.22617184,85.01906217",[DATA] H:100 A:0 Latency:22 us
2026-05-31T13:01:22.846585,546,853.0,"853.0,3.757125001,4.465336169,2.82918899,86.14057289,73.07272756",[DATA] H:100 A:0 Latency:29 us
2026-05-31T13:01:23.401338,547,687.0,"687.0,1.990095544,4.276250934,1.113376203,76.22503198,80.96307165",[DATA] H:100 A:0 Latency:16 us
2026-05-31T13:01:23.954911,548,276.0,"276.0,4.662539811,7.291025761,2.606828672,76.73441171,71.44680796",[DATA] H:100 A:0 Latency:19 us
2026-05-31T13:01:24.508176,549,461.0,"461.0,3.631233069,8.730033422,2.086720623,74.79630382,82.39486388",[DATA] H:100 A:0 Latency:16 us
2026-05-31T13:01:25.061378,550,1335.0,"1335.0,3.105587951,10.27293722,4.118228368,74.08573752,79.9257705",[DATA] H:100 A:0 Latency:18 us
2026-05-31T13:01:25.614670,551,892.0,"892.0,4.766785688,7.424992483,1.162391868,80.3270033,87.03468664",[DATA] H:0 A:1 Latency:23 us
2026-05-31T13:01:26.168547,552,1005.0,"1005.0,4.3942543,6.725166457,1.253641542,86.56582017,78.93385955",[DATA] H:0 A:1 Latency:33 us
2026-05-31T13:01:26.722997,553,686.0,"686.0,4.085525589,5.813183691,2.50513748,76.00755455,88.99498839",[DATA] H:100 A:0 Latency:25 us
2026-05-31T13:01:27.276767,554,404.0,"404.0,2.443847667,9.902527372,1.544965681,78.14175766,76.967926",[DATA] H:0 A:1 Latency:24 us
2026-05-31T13:01:27.830242,555,811.0,"811.0,3.361396967,10.33251878,1.860208587,74.88168658,79.2257782",[DATA] H:100 A:0 Latency:19 us
2026-05-31T13:01:28.384272,556,712.0,"712.0,2.488927695,6.077248022,2.020301247,76.52161916,87.46633328",[DATA] H:100 A:0 Latency:25 us
2026-05-31T13:01:28.937975,557,544.0,"544.0,4.683629339,16.37622331,2.850317442,73.57211311,77.02241157",[DATA] H:100 A:0 Latency:24 us
2026-05-31T13:01:29.491027,558,1344.0,"1344.0,3.073297156,8.596405323,1.306151669,77.12549354,79.09651743",[DATA] H:100 A:0 Latency:17 us
2026-05-31T13:01:30.044164,559,848.0,"848.0,4.143512581,2.86629221,2.521902353,86.77647934,77.87564948",[DATA] H:100 A:0 Latency:23 us
2026-05-31T13:01:30.598286,560,939.0,"939.0,2.183602826,5.580709479,1.758184529,73.71447355,81.71540653",[DATA] H:100 A:0 Latency:22 us
2026-05-31T13:01:31.152194,561,609.0,"609.0,2.5107573,1.386040977,2.820138205,76.98598449,92.31880245",[DATA] H:100 A:0 Latency:26 us
2026-05-31T13:01:31.705735,562,576.0,"576.0,2.53892001,7.296644609,1.5778084,76.5758931,84.7286058",[DATA] H:100 A:0 Latency:24 us
2026-05-31T13:01:32.259493,563,768.0,"768.0,2.981184973,5.87121804,1.972228463,77.04468841,74.00601953",[DATA] H:100 A:0 Latency:17 us
2026-05-31T13:01:32.813754,564,1036.0,"1036.0,1.802610521,8.964665045,2.328977277,76.6747404,90.50329937",[DATA] H:100 A:0 Latency:24 us
2026-05-31T13:01:33.367316,565,892.0,"892.0,2.303704267,12.29772043,4.047633218,76.83551005,82.03707345",[DATA] H:100 A:0 Latency:19 us
2026-05-31T13:01:33.920586,566,465.0,"465.0,4.696220738,6.407768086,5.278919322,73.60695504,80.62502639",[DATA] H:100 A:0 Latency:19 us
2026-05-31T13:01:34.474047,567,610.0,"610.0,3.705537579,4.3482593,3.500529827,76.0666096,79.74963558",[DATA] H:100 A:0 Latency:11 us
2026-05-31T13:01:35.027190,568,546.0,"546.0,5.229722565,7.208806144,2.037583377,76.69412605,78.06419846",[DATA] H:100 A:0 Latency:19 us
2026-05-31T13:01:35.580864,569,1140.0,"1140.0,2.138910556,5.074697873,2.140442533,80.77329868,75.95362289",[DATA] H:100 A:0 Latency:19 us
2026-05-31T13:01:36.134994,570,1176.0,"1176.0,4.006072822,5.246207525,2.928504973,77.70125945,85.38070899",[DATA] H:100 A:0 Latency:22 us
2026-05-31T13:01:36.689052,571,785.0,"785.0,5.165910902,4.161417661,2.984932301,75.21324912,72.03196537",[DATA] H:100 A:0 Latency:17 us
2026-05-31T13:01:37.242440,572,1205.0,"1205.0,4.693127934,4.859712028,3.087607391,76.78901811,85.36679667",[DATA] H:100 A:0 Latency:22 us
2026-05-31T13:01:37.795498,573,813.0,"813.0,4.485256962,8.60506641,1.668093683,76.21797975,77.23755386",[DATA] H:100 A:0 Latency:19 us
2026-05-31T13:01:38.350588,574,885.0,"885.0,3.352268727,7.179889206,2.455018689,77.16205408,71.35190737",[DATA] H:100 A:0 Latency:17 us
2026-05-31T13:01:38.904586,575,778.0,"778.0,2.101159576,4.647124038,2.495398628,77.70885984,76.77325998",[DATA] H:100 A:0 Latency:14 us
2026-05-31T13:01:39.457930,576,1324.0,"1324.0,2.500292992,5.053602382,3.943272653,76.60858206,82.32345319",[DATA] H:100 A:0 Latency:18 us
2026-05-31T13:01:40.011498,577,833.0,"833.0,3.758835012,6.281994196,1.660213894,76.56045064,70.93811193",[DATA] H:100 A:0 Latency:16 us
2026-05-31T13:01:40.565537,578,855.0,"855.0,4.561050629,6.369320246,2.770627794,75.39641791,75.39834008",[DATA] H:100 A:0 Latency:15 us
2026-05-31T13:01:41.119999,579,801.0,"801.0,4.659347484,4.329364364,3.045568282,75.93147772,74.03943042",[DATA] H:100 A:0 Latency:17 us
2026-05-31T13:01:41.673177,580,630.0,"630.0,2.6393673,8.562674799,1.858249759,75.78892312,72.61236021",[DATA] H:100 A:0 Latency:18 us
2026-05-31T13:01:42.226748,581,801.0,"801.0,2.676855273,6.091457568,1.661922576,77.23727521,86.18530625",[DATA] H:100 A:0 Latency:25 us
2026-05-31T13:01:42.780339,582,548.0,"548.0,3.079788441,5.737909033,3.367914295,74.33290677,80.43050619",[DATA] H:100 A:0 Latency:22 us
2026-05-31T13:01:43.334155,583,592.0,"592.0,4.544101366,4.610141713,2.394447581,77.33609081,88.37328302",[DATA] H:100 A:0 Latency:24 us
2026-05-31T13:01:43.886312,584,532.0,"532.0,4.799351102,8.365104215,2.447521171,76.01706982,69.57553833",[DATA] H:100 A:0 Latency:23 us
2026-05-31T13:01:44.440445,585,502.0,"502.0,2.470829731,5.175711872,1.998301759,73.72222433,80.08551663",[DATA] H:100 A:0 Latency:17 us
2026-05-31T13:01:44.993666,586,684.0,"684.0,2.662283679,9.008452941,3.046106885,76.47910564,70.25386031",[DATA] H:100 A:0 Latency:17 us
2026-05-31T13:01:45.546589,587,1079.0,"1079.0,2.986866306,17.28967956,1.954351283,74.66968767,85.46947515",[DATA] H:100 A:0 Latency:24 us
2026-05-31T13:01:46.099741,588,855.0,"855.0,0.072614682,5.103394163,1.492319763,74.85706327,74.3888555",[DATA] H:100 A:0 Latency:16 us
2026-05-31T13:01:46.652747,589,567.0,"567.0,4.941227147,6.879212665,1.680247512,75.8052704,71.48257432",[DATA] H:100 A:0 Latency:20 us
2026-05-31T13:01:47.206215,590,627.0,"627.0,2.615780979,5.32593631,2.992480677,77.14236098,78.00535487",[DATA] H:100 A:0 Latency:17 us
2026-05-31T13:01:47.759792,591,908.0,"908.0,0.946469186,4.707693909,1.276052059,74.68074864,81.28123118",[DATA] H:100 A:0 Latency:15 us
2026-05-31T13:01:48.312342,592,507.0,"507.0,2.595563183,10.6081726,2.516150951,77.51895487,77.04485448",[DATA] H:100 A:0 Latency:19 us
2026-05-31T13:01:48.865454,593,916.0,"916.0,2.470375732,8.021708594,3.45345776,77.14407184,73.31269559",[DATA] H:100 A:0 Latency:19 us
2026-05-31T13:01:49.418973,594,728.0,"728.0,3.716383665,8.466802277,1.138977245,75.86830318,71.24365779",[DATA] H:100 A:0 Latency:17 us
2026-05-31T13:01:49.972274,595,991.0,"991.0,4.629464539,6.527444178,2.411187981,75.64382589,85.48119808",[DATA] H:100 A:0 Latency:23 us
2026-05-31T13:01:50.524547,596,711.0,"711.0,2.035548999,5.559303775,2.260148077,76.68116093,82.93790923",[DATA] H:100 A:0 Latency:20 us
2026-05-31T13:01:51.078015,597,831.0,"831.0,3.120185797,5.257630386,1.273368414,83.94933148,70.13849606",[DATA] H:100 A:0 Latency:24 us
2026-05-31T13:01:51.632152,598,433.0,"433.0,2.966353336,14.02751381,2.929602456,81.42414975,77.61524235",[DATA] H:0 A:1 Latency:22 us
2026-05-31T13:01:52.185924,599,741.0,"741.0,2.447424608,6.090254632,2.395302331,74.00512258,74.62781131",[DATA] H:100 A:0 Latency:22 us
2026-05-31T13:01:52.739006,600,517.0,"517.0,4.582489244,6.269436277,3.535949949,74.86159606,83.23749488",[DATA] H:100 A:0 Latency:17 us
2026-05-31T13:01:53.292572,601,675.0,"675.0,3.141451756,6.206747725,1.753042538,77.57997514,76.91602651",[DATA] H:100 A:0 Latency:20 us
2026-05-31T13:01:53.845758,602,553.0,"553.0,2.235838178,1.863693367,1.884320038,81.88609161,73.49435643",[DATA] H:100 A:0 Latency:18 us
2026-05-31T13:01:54.399489,603,599.0,"599.0,4.176449613,6.166925827,1.695992126,78.41794771,77.69186883",[DATA] H:100 A:0 Latency:21 us
2026-05-31T13:01:54.952648,604,962.0,"962.0,5.562747852,7.59616101,2.837812482,80.04334342,86.15575232",[DATA] H:0 A:1 Latency:26 us
2026-05-31T13:01:55.506277,605,525.0,"525.0,5.602011068,3.597902456,2.769796615,78.40011908,65.62481644",[DATA] H:100 A:0 Latency:22 us
2026-05-31T13:01:56.059915,606,662.0,"662.0,2.126854904,4.704842108,2.885734536,77.86680312,89.16932808",[DATA] H:100 A:0 Latency:28 us
2026-05-31T13:01:56.613235,607,374.0,"374.0,3.696694909,7.410403641,1.250102206,77.49503091,80.05310435",[DATA] H:100 A:0 Latency:25 us
2026-05-31T13:01:57.166877,608,580.0,"580.0,4.683462755,4.960392543,2.730917839,78.02142596,87.37148599",[DATA] H:0 A:1 Latency:22 us
2026-05-31T13:01:57.721254,609,673.0,"673.0,2.088715547,5.220011055,3.092647713,77.52158963,74.5977148",[DATA] H:100 A:0 Latency:24 us
2026-05-31T13:01:58.274299,610,690.0,"690.0,4.658746522,4.505188866,3.447214952,85.99338021,72.85984409",[DATA] H:100 A:0 Latency:23 us
2026-05-31T13:01:58.828007,611,1877.0,"1877.0,5.209185676,8.082652167,2.173200871,77.50132382,86.51399947",[DATA] H:100 A:0 Latency:24 us
2026-05-31T13:01:59.380751,612,764.0,"764.0,3.347337714,5.019239418,2.213607763,74.2409351,79.3283284",[DATA] H:100 A:0 Latency:20 us
2026-05-31T13:01:59.934458,613,815.0,"815.0,2.916353056,7.103442062,1.098852389,77.06982,78.1874507",[DATA] H:100 A:0 Latency:17 us
2026-05-31T13:02:00.487820,614,793.0,"793.0,3.514322564,7.138490931,2.485575963,77.07395172,77.99060189",[DATA] H:100 A:0 Latency:17 us
2026-05-31T13:02:01.041186,615,405.0,"405.0,2.289350522,3.830845047,3.452194938,76.56466959,87.0224273",[DATA] H:100 A:0 Latency:20 us
2026-05-31T13:02:01.594097,616,540.0,"540.0,4.117388848,9.048691531,2.516362398,77.25212386,81.54455543",[DATA] H:100 A:0 Latency:22 us
2026-05-31T13:02:02.146673,617,742.0,"742.0,2.17781017,5.657581504,0.960415882,83.63950439,72.81110749",[DATA] H:100 A:0 Latency:26 us
2026-05-31T13:02:02.700329,618,914.0,"914.0,2.047387317,6.698896496,2.110822035,78.03995457,91.49977162",[DATA] H:0 A:1 Latency:28 us
2026-05-31T13:02:03.253438,619,359.0,"359.0,2.427346872,0.095331933,2.408770614,76.06703282,81.32511853",[DATA] H:100 A:0 Latency:20 us
2026-05-31T13:02:03.807316,620,660.0,"660.0,5.124605919,3.157558272,1.992785146,76.79948206,86.46552377",[DATA] H:100 A:0 Latency:24 us
2026-05-31T13:02:04.360423,621,659.0,"659.0,2.894886722,4.991706009,1.881455426,77.96910074,77.33694868",[DATA] H:100 A:0 Latency:16 us
2026-05-31T13:02:04.914529,622,891.0,"891.0,2.315109978,6.295665692,1.723354648,77.13679156,88.7601381",[DATA] H:100 A:0 Latency:25 us
2026-05-31T13:02:05.468394,623,1019.0,"1019.0,4.479105181,4.030738813,2.005506948,77.79734115,79.44698286",[DATA] H:100 A:0 Latency:21 us
2026-05-31T13:02:06.021081,624,1195.0,"1195.0,2.881366539,6.411253079,2.030101579,84.4307754,81.34624525",[DATA] H:100 A:0 Latency:27 us
2026-05-31T13:02:06.575142,625,847.0,"847.0,3.652028095,4.875655747,2.635374698,83.61813958,83.51824741",[DATA] H:100 A:0 Latency:26 us
2026-05-31T13:02:07.128612,626,1249.0,"1249.0,0.298440123,6.773670415,2.398975078,85.18359928,86.33628199",[DATA] H:0 A:1 Latency:26 us
2026-05-31T13:02:07.681735,627,443.0,"443.0,4.360361089,8.350902344,3.459189578,75.80302848,78.22490988",[DATA] H:100 A:0 Latency:19 us
2026-05-31T13:02:08.234629,628,522.0,"522.0,3.94360057,8.71008446,2.226765549,77.4320655,77.53117802",[DATA] H:100 A:0 Latency:19 us
2026-05-31T13:02:08.787340,629,797.0,"797.0,5.0698356,5.83565056,3.6396676,76.44313193,75.50203105",[DATA] H:100 A:0 Latency:16 us
2026-05-31T13:02:09.340773,630,627.0,"627.0,4.978613694,7.071436241,2.140003807,75.15100496,85.3503656",[DATA] H:100 A:0 Latency:22 us
2026-05-31T13:02:09.893783,631,892.0,"892.0,2.055541883,5.890515103,2.516196843,77.09490833,67.54156889",[DATA] H:100 A:0 Latency:19 us
2026-05-31T13:02:10.447708,632,1394.0,"1394.0,4.863202046,6.271119257,4.449589504,75.010658,69.81170831",[DATA] H:100 A:0 Latency:17 us
2026-05-31T13:02:11.001543,633,1521.0,"1521.0,0.189371695,9.035042901,3.197901662,76.08290039,82.79627766",[DATA] H:100 A:0 Latency:15 us
2026-05-31T13:02:11.554412,634,965.0,"965.0,3.676709515,5.276505333,2.088815654,74.23883015,77.52086189",[DATA] H:100 A:0 Latency:18 us
2026-05-31T13:02:12.108130,635,809.0,"809.0,1.864633745,6.829829014,1.360395067,73.80415486,82.55630515",[DATA] H:100 A:0 Latency:16 us
2026-05-31T13:02:12.661728,636,632.0,"632.0,2.376094421,3.222884944,2.98376162,76.58215419,80.39984501",[DATA] H:100 A:0 Latency:13 us
2026-05-31T13:02:13.214458,637,1035.0,"1035.0,1.885759592,8.410826047,2.726841657,77.27639793,73.57671209",[DATA] H:100 A:0 Latency:16 us
2026-05-31T13:02:13.767962,638,592.0,"592.0,1.988394812,4.344370895,2.129278496,75.9271728,80.86582891",[DATA] H:100 A:0 Latency:13 us
2026-05-31T13:02:14.321366,639,1436.0,"1436.0,4.414597305,13.03311237,2.880989733,77.13799725,83.50389912",[DATA] H:100 A:0 Latency:16 us
2026-05-31T13:02:14.874359,640,862.0,"862.0,2.814621376,6.579809747,1.866749532,74.15749248,83.21867327",[DATA] H:100 A:0 Latency:18 us
2026-05-31T13:02:15.428133,641,1429.0,"1429.0,3.265105561,6.995912202,5.316528725,84.84575903,81.95892263",[DATA] H:100 A:0 Latency:27 us
2026-05-31T13:02:15.981365,642,799.0,"799.0,2.419380978,9.985853689,2.635484223,75.69894718,76.76271535",[DATA] H:100 A:0 Latency:22 us
2026-05-31T13:02:16.535839,643,877.0,"877.0,3.38331096,6.12793914,1.906547499,76.49940332,82.69738629",[DATA] H:100 A:0 Latency:16 us
2026-05-31T13:02:17.088753,644,887.0,"887.0,3.08364134,5.588579834,2.130974836,75.43030061,73.46376952",[DATA] H:100 A:0 Latency:17 us
2026-05-31T13:02:17.642412,645,698.0,"698.0,2.020626454,4.179939345,1.243130724,80.86730764,78.92269813",[DATA] H:100 A:0 Latency:21 us
2026-05-31T13:02:18.195631,646,576.0,"576.0,4.464588772,5.109244308,2.616664022,83.36370301,79.07216271",[DATA] H:0 A:1 Latency:29 us
2026-05-31T13:02:18.749845,647,1079.0,"1079.0,4.63175078,11.97875299,3.621111041,78.44181542,82.70936339",[DATA] H:100 A:0 Latency:17 us
2026-05-31T13:02:19.303843,648,783.0,"783.0,3.458285669,7.477870949,1.483133215,77.58408683,75.35758643",[DATA] H:100 A:0 Latency:17 us
2026-05-31T13:02:19.857351,649,989.0,"989.0,4.95909571,6.15308164,2.351431481,74.04451224,71.92061631",[DATA] H:100 A:0 Latency:15 us
2026-05-31T13:02:20.410477,650,562.0,"562.0,0.158712284,4.889463764,2.750011239,84.30346394,82.33448963",[DATA] H:0 A:1 Latency:20 us
2026-05-31T13:02:20.964444,651,429.0,"429.0,2.781787812,14.45696642,3.47307371,77.76735999,72.76055125",[DATA] H:100 A:0 Latency:18 us
2026-05-31T13:02:21.517423,652,807.0,"807.0,2.642883515,5.230102377,1.688206687,76.53041765,81.35861022",[DATA] H:100 A:0 Latency:17 us
2026-05-31T13:02:22.070985,653,427.0,"427.0,3.65661683,9.633174204,1.423482398,77.25776565,66.44921806",[DATA] H:100 A:0 Latency:17 us
2026-05-31T13:02:22.624605,654,754.0,"754.0,2.219310989,5.718554993,1.866327092,78.04014786,75.26036375",[DATA] H:100 A:0 Latency:17 us
2026-05-31T13:02:23.177660,655,471.0,"471.0,2.630253237,5.778019682,2.569690029,88.04078997,77.48445518",[DATA] H:0 A:1 Latency:29 us
2026-05-31T13:02:23.730590,656,529.0,"529.0,7.265565536,2.589029321,1.460519126,77.33598559,86.49828604",[DATA] H:100 A:0 Latency:27 us
2026-05-31T13:02:24.283938,657,781.0,"781.0,3.544010272,8.019388437,1.752707366,75.78706548,88.17244343",[DATA] H:100 A:0 Latency:24 us
2026-05-31T13:02:24.837499,658,679.0,"679.0,3.671640671,4.037141727,1.221788423,76.27958399,73.36289384",[DATA] H:100 A:0 Latency:18 us
2026-05-31T13:02:25.390460,659,822.0,"822.0,2.482027491,8.625618308,2.068058035,74.35590612,68.61140977",[DATA] H:100 A:0 Latency:18 us
2026-05-31T13:02:25.943770,660,548.0,"548.0,3.934513328,5.985997537,3.068311892,76.4998471,74.34540215",[DATA] H:100 A:0 Latency:15 us
2026-05-31T13:02:26.497059,661,700.0,"700.0,2.477468887,8.754382335,0.833330445,77.3749236,86.55861877",[DATA] H:100 A:0 Latency:23 us
2026-05-31T13:02:27.050037,662,840.0,"840.0,2.005530495,5.252084184,2.790781178,76.75171279,71.51533827",[DATA] H:100 A:0 Latency:19 us
2026-05-31T13:02:27.603147,663,464.0,"464.0,3.757133291,11.50117196,4.259206772,77.02559222,88.30011807",[DATA] H:100 A:0 Latency:23 us
2026-05-31T13:02:28.156566,664,906.0,"906.0,3.083838751,1.603487687,1.903619053,75.80585402,83.0677093",[DATA] H:100 A:0 Latency:20 us
2026-05-31T13:02:28.710226,665,490.0,"490.0,2.914719776,3.744594825,2.00356774,75.97784649,79.15939819",[DATA] H:100 A:0 Latency:14 us
2026-05-31T13:02:29.264006,666,664.0,"664.0,5.712007791,8.068809412,2.553382359,76.15218904,88.83545484",[DATA] H:100 A:0 Latency:20 us
2026-05-31T13:02:29.817675,667,535.0,"535.0,2.666068211,7.280019101,2.422013565,74.94296049,83.08148415",[DATA] H:100 A:0 Latency:23 us
2026-05-31T13:02:30.370879,668,630.0,"630.0,3.134031917,5.139624786,1.672482088,74.31603969,74.6568726",[DATA] H:100 A:0 Latency:16 us
2026-05-31T13:02:30.924701,669,1041.0,"1041.0,1.799188127,6.495777021,1.611598993,74.66255828,88.3112614",[DATA] H:100 A:0 Latency:25 us
2026-05-31T13:02:31.477997,670,953.0,"953.0,2.632981976,15.83335484,1.814983879,76.44842986,83.20408174",[DATA] H:100 A:0 Latency:21 us
2026-05-31T13:02:32.033093,671,621.0,"621.0,4.750896974,11.06943935,1.17232089,75.26630503,80.73605282",[DATA] H:100 A:0 Latency:20 us
2026-05-31T13:02:32.588443,672,634.0,"634.0,4.144613565,8.879249763,1.954019758,74.04726973,80.93710058",[DATA] H:100 A:0 Latency:18 us
2026-05-31T13:02:33.144514,673,602.0,"602.0,2.731975509,8.964243383,1.989849504,75.35362765,66.87183502",[DATA] H:100 A:0 Latency:21 us
2026-05-31T13:02:33.699649,674,815.0,"815.0,2.923656891,2.866093513,1.108356138,76.23552179,77.37594792",[DATA] H:100 A:0 Latency:17 us
2026-05-31T13:02:34.255037,675,600.0,"600.0,2.758239329,6.934654108,1.523511438,77.90625176,83.65736191",[DATA] H:100 A:0 Latency:19 us
2026-05-31T13:02:34.808075,676,448.0,"448.0,4.820001048,15.39334334,2.467811243,82.01248739,70.37298108",[DATA] H:0 A:1 Latency:25 us
2026-05-31T13:02:35.363854,677,592.0,"592.0,4.255966585,8.448575694,2.945151001,75.22788929,80.52925722",[DATA] H:100 A:0 Latency:21 us
2026-05-31T13:02:35.918761,678,1034.0,"1034.0,2.916281092,4.58520499,2.236370309,76.43109089,78.7823313",[DATA] H:100 A:0 Latency:15 us
2026-05-31T13:02:36.473501,679,814.0,"814.0,2.754250711,10.34175075,2.95620971,77.55965737,74.51025038",[DATA] H:100 A:0 Latency:17 us
2026-05-31T13:02:37.028545,680,509.0,"509.0,4.875057985,4.888984715,1.928559236,84.31452348,77.33970715",[DATA] H:0 A:1 Latency:21 us
2026-05-31T13:02:37.582779,681,506.0,"506.0,3.059820932,5.018980518,1.636917561,84.48369974,79.51374864",[DATA] H:0 A:1 Latency:27 us
2026-05-31T13:02:38.137905,682,518.0,"518.0,0.262880923,4.803321891,2.248858086,77.61954911,77.44295767",[DATA] H:100 A:0 Latency:13 us
2026-05-31T13:02:38.692333,683,930.0,"930.0,3.17899577,3.897454841,2.411754995,75.874428,80.95634203",[DATA] H:100 A:0 Latency:19 us
2026-05-31T13:02:39.247712,684,536.0,"536.0,3.107335323,7.474481334,2.590732856,76.85421729,79.5916449",[DATA] H:100 A:0 Latency:17 us
2026-05-31T13:02:39.801704,685,750.0,"750.0,2.348243227,8.43631994,2.367492906,77.69272861,79.63922891",[DATA] H:100 A:0 Latency:20 us
2026-05-31T13:02:40.355457,686,760.0,"760.0,5.662571798,5.47827844,1.79546824,76.99088995,88.54636306",[DATA] H:100 A:0 Latency:20 us
2026-05-31T13:02:40.909610,687,668.0,"668.0,2.44073251,8.511191127,1.582958098,83.44955272,86.94050144",[DATA] H:0 A:1 Latency:28 us
2026-05-31T13:02:41.463087,688,730.0,"730.0,1.825122543,4.345225656,2.845759367,75.85066929,84.67046358",[DATA] H:100 A:0 Latency:20 us
2026-05-31T13:02:42.016932,689,1020.0,"1020.0,2.341105533,4.381784498,1.240205329,77.96615491,86.11216318",[DATA] H:100 A:0 Latency:23 us
2026-05-31T13:02:42.570927,690,872.0,"872.0,2.648200623,6.743217177,2.668918725,79.72743413,79.07576432",[DATA] H:100 A:0 Latency:23 us
2026-05-31T13:02:43.124568,691,682.0,"682.0,2.49066312,6.277267831,1.690134342,81.73595068,89.13162595",[DATA] H:0 A:1 Latency:23 us
2026-05-31T13:02:43.677743,692,705.0,"705.0,4.508834756,6.893292388,1.720072597,87.28133753,76.52105113",[DATA] H:0 A:1 Latency:36 us
2026-05-31T13:02:44.230292,693,724.0,"724.0,2.370686585,3.523010854,1.807513495,78.34027569,84.68887138",[DATA] H:100 A:0 Latency:23 us
2026-05-31T13:02:44.784364,694,736.0,"736.0,2.519718003,4.284839643,1.546389617,77.3728606,77.503126",[DATA] H:100 A:0 Latency:12 us
2026-05-31T13:02:45.339601,695,470.0,"470.0,2.194551394,8.769584039,2.987505358,76.22212297,87.21525448",[DATA] H:100 A:0 Latency:20 us
2026-05-31T13:02:45.894005,696,794.0,"794.0,3.938692041,6.236452353,3.01492004,76.73616225,75.47887751",[DATA] H:100 A:0 Latency:20 us
2026-05-31T13:02:46.448446,697,932.0,"932.0,3.465342146,4.315033424,1.596140074,76.58294151,87.51789668",[DATA] H:100 A:0 Latency:21 us
2026-05-31T13:02:47.002120,698,519.0,"519.0,3.045280899,13.35952521,0.228063999,78.53047452,70.22625618",[DATA] H:100 A:0 Latency:24 us
2026-05-31T13:02:47.556621,699,723.0,"723.0,3.784283546,7.054115022,1.582154559,78.03091036,83.57913366",[DATA] H:100 A:0 Latency:20 us
2026-05-31T13:02:48.111064,700,727.0,"727.0,2.960104799,4.583661276,1.999326849,74.80823041,78.323602",[DATA] H:100 A:0 Latency:18 us
2026-05-31T13:02:48.666410,701,1204.0,"1204.0,2.161743425,6.60963629,2.879192697,76.02047117,67.40648444",[DATA] H:100 A:0 Latency:15 us
2026-05-31T13:02:49.221747,702,390.0,"390.0,2.836780694,5.551927955,2.245348032,74.60777944,80.5336569",[DATA] H:100 A:0 Latency:17 us
2026-05-31T13:02:49.776672,703,727.0,"727.0,2.823750054,9.105354821,3.50844791,79.98487523,76.00278171",[DATA] H:100 A:0 Latency:21 us
2026-05-31T13:02:50.330817,704,701.0,"701.0,3.364406885,7.592453112,5.06761218,83.79432596,73.52691221",[DATA] H:100 A:0 Latency:22 us
2026-05-31T13:02:50.884775,705,694.0,"694.0,2.640248751,9.99607866,3.042695293,74.84425702,77.58058766",[DATA] H:100 A:0 Latency:19 us
2026-05-31T13:02:51.438282,706,928.0,"928.0,2.717024766,6.812118506,1.44400394,82.42569733,84.80427098",[DATA] H:0 A:1 Latency:24 us
2026-05-31T13:02:51.991591,707,1108.0,"1108.0,3.420267039,4.788703654,2.190581327,83.09200598,76.22868705",[DATA] H:100 A:0 Latency:25 us
2026-05-31T13:02:52.546044,708,662.0,"662.0,3.07252771,6.618104112,2.862452868,78.92469828,81.35028471",[DATA] H:100 A:0 Latency:20 us
2026-05-31T13:02:53.100228,709,791.0,"791.0,3.603794486,6.111216657,1.756325494,79.51553418,78.22078184",[DATA] H:100 A:0 Latency:18 us
2026-05-31T13:02:53.655466,710,456.0,"456.0,3.728092129,5.0986118,2.585297112,76.63120318,72.92533776",[DATA] H:100 A:0 Latency:19 us
2026-05-31T13:02:54.209588,711,1089.0,"1089.0,3.211449851,6.95393876,1.944323175,78.95986095,69.12630421",[DATA] H:100 A:0 Latency:15 us
2026-05-31T13:02:54.764092,712,625.0,"625.0,1.990927765,4.608575394,1.821683151,74.08297144,76.73183807",[DATA] H:100 A:0 Latency:13 us
2026-05-31T13:02:55.318749,713,718.0,"718.0,2.907221465,5.943261138,1.790098172,75.29469123,75.92380777",[DATA] H:100 A:0 Latency:18 us
2026-05-31T13:02:55.874230,714,954.0,"954.0,4.844505643,6.593706259,3.692970433,78.27840696,66.63542152",[DATA] H:100 A:0 Latency:17 us
2026-05-31T13:02:56.427734,715,763.0,"763.0,1.535081515,5.294866577,1.199649439,76.34290082,68.87837033",[DATA] H:100 A:0 Latency:18 us
2026-05-31T13:02:56.981689,716,843.0,"843.0,3.734091906,4.702996956,3.528768578,82.89919531,85.75249758",[DATA] H:0 A:1 Latency:30 us
2026-05-31T13:02:57.537004,717,751.0,"751.0,2.971925074,6.622201697,2.510578266,75.34577197,76.39337845",[DATA] H:100 A:0 Latency:24 us
2026-05-31T13:02:58.092372,718,983.0,"983.0,3.144771508,3.100991356,2.101836234,75.63182966,75.69789458",[DATA] H:100 A:0 Latency:19 us
2026-05-31T13:02:58.646809,719,886.0,"886.0,3.631693873,1.999349808,2.97656721,76.44019324,75.46375295",[DATA] H:100 A:0 Latency:13 us
2026-05-31T13:02:59.200669,720,740.0,"740.0,4.902010597,5.682303256,2.776320257,75.22706368,79.35663699",[DATA] H:100 A:0 Latency:19 us
2026-05-31T13:02:59.754468,721,711.0,"711.0,4.169147816,6.579758023,2.40742326,74.1826121,71.75035745",[DATA] H:100 A:0 Latency:19 us
2026-05-31T13:03:00.308095,722,954.0,"954.0,4.477719612,4.965477568,4.295656951,86.32274996,78.23187544",[DATA] H:100 A:0 Latency:30 us
2026-05-31T13:03:00.862160,723,716.0,"716.0,2.319944735,5.297727366,2.945164736,77.4548724,72.00700736",[DATA] H:100 A:0 Latency:23 us
2026-05-31T13:03:01.417461,724,608.0,"608.0,2.654145403,9.502421016,5.87926585,76.80025902,82.37309849",[DATA] H:100 A:0 Latency:21 us
2026-05-31T13:03:01.973425,725,1040.0,"1040.0,3.939991879,3.221985605,1.196916,80.61394434,73.99585924",[DATA] H:100 A:0 Latency:20 us
2026-05-31T13:03:02.527990,726,850.0,"850.0,2.359059209,5.958804338,2.127011959,75.54159225,75.93705098",[DATA] H:100 A:0 Latency:20 us
2026-05-31T13:03:03.083229,727,651.0,"651.0,2.456176637,4.64448693,1.637812237,82.9648952,85.245615",[DATA] H:0 A:1 Latency:28 us
2026-05-31T13:03:03.637620,728,713.0,"713.0,3.686923292,5.380364062,1.427176815,76.73630954,76.7208844",[DATA] H:100 A:0 Latency:23 us
2026-05-31T13:03:04.191745,729,564.0,"564.0,3.785006011,5.30742772,1.521325193,77.03311945,90.15352136",[DATA] H:100 A:0 Latency:21 us
2026-05-31T13:03:04.746888,730,436.0,"436.0,5.290676007,4.838787449,1.508015713,74.86264311,69.2788959",[DATA] H:100 A:0 Latency:18 us
2026-05-31T13:03:05.301885,731,778.0,"778.0,4.226256521,6.894746637,1.770021202,77.66467865,82.59769002",[DATA] H:100 A:0 Latency:19 us
2026-05-31T13:03:05.855919,732,995.0,"995.0,4.296003792,8.324851005,1.838748666,72.92298243,75.37504543",[DATA] H:100 A:0 Latency:17 us
2026-05-31T13:03:06.410178,733,935.0,"935.0,2.352369895,5.293495931,2.546356637,83.31802188,77.72529024",[DATA] H:100 A:0 Latency:20 us
2026-05-31T13:03:06.965608,734,1009.0,"1009.0,3.923805435,4.497180772,1.768298405,75.53545451,86.74686461",[DATA] H:100 A:0 Latency:25 us
2026-05-31T13:03:07.520571,735,560.0,"560.0,3.03219791,5.319837063,0.789851275,81.29857529,85.81085021",[DATA] H:0 A:1 Latency:23 us
2026-05-31T13:03:08.075718,736,446.0,"446.0,2.265993392,6.328131264,5.041899251,77.82216505,79.48316291",[DATA] H:100 A:0 Latency:22 us
2026-05-31T13:03:08.630878,737,465.0,"465.0,3.50453428,5.046699277,1.306945477,75.31763006,75.274551",[DATA] H:100 A:0 Latency:16 us
2026-05-31T13:03:09.186297,738,482.0,"482.0,4.115978492,8.067329468,1.100795889,88.25081297,88.72942832",[DATA] H:0 A:1 Latency:28 us
2026-05-31T13:03:09.740972,739,760.0,"760.0,3.462016279,7.775932097,4.241514178,76.37083006,80.13823237",[DATA] H:100 A:0 Latency:25 us
2026-05-31T13:03:10.295480,740,619.0,"619.0,3.934368926,7.698462273,2.278726856,86.06308412,88.42011639",[DATA] H:0 A:1 Latency:28 us
2026-05-31T13:03:10.850854,741,861.0,"861.0,2.376847358,8.507502968,2.079651217,84.07593646,75.20227062",[DATA] H:100 A:0 Latency:28 us
2026-05-31T13:03:11.406200,742,850.0,"850.0,3.498806684,8.498507047,2.526938696,77.27218304,76.85772732",[DATA] H:100 A:0 Latency:19 us
2026-05-31T13:03:11.960803,743,586.0,"586.0,3.835205202,10.69300121,0.367662073,73.86046856,80.69589113",[DATA] H:100 A:0 Latency:20 us
2026-05-31T13:03:12.514060,744,656.0,"656.0,2.67570133,6.344632569,2.529424691,75.81191545,66.33027291",[DATA] H:100 A:0 Latency:19 us
2026-05-31T13:03:13.068458,745,1277.0,"1277.0,4.355234539,8.026331517,0.908249022,78.18672367,73.44281099",[DATA] H:100 A:0 Latency:16 us
2026-05-31T13:03:13.622375,746,1522.0,"1522.0,3.301200593,6.311173599,3.566299045,79.08483554,76.32426011",[DATA] H:100 A:0 Latency:19 us
2026-05-31T13:03:14.175636,747,842.0,"842.0,2.265495214,3.142962356,1.155115467,77.9430778,84.73418924",[DATA] H:100 A:0 Latency:17 us
2026-05-31T13:03:14.729606,748,879.0,"879.0,3.828521308,4.177730423,1.184206717,75.81552849,90.29636461",[DATA] H:100 A:0 Latency:21 us
2026-05-31T13:03:15.284575,749,811.0,"811.0,3.214904514,5.426884275,1.942635451,76.59093813,76.64365854",[DATA] H:100 A:0 Latency:21 us
2026-05-31T13:03:15.838901,750,524.0,"524.0,2.304571541,9.020127247,2.231480686,77.83148095,69.05683631",[DATA] H:100 A:0 Latency:16 us
2026-05-31T13:03:16.394408,751,554.0,"554.0,3.493155064,13.35549411,3.100595252,81.20392931,66.35308923",[DATA] H:0 A:1 Latency:23 us
2026-05-31T13:03:16.951510,752,981.0,"981.0,3.692886271,5.766643657,2.651614049,84.50934572,80.49863258",[DATA] H:100 A:0 Latency:27 us
2026-05-31T13:03:17.506545,753,919.0,"919.0,2.924451562,4.971495971,3.711388096,80.96753048,80.95149993",[DATA] H:100 A:0 Latency:25 us
2026-05-31T13:03:18.060784,754,697.0,"697.0,4.482707918,5.159415071,1.828306746,77.70599986,75.35418676",[DATA] H:100 A:0 Latency:19 us
2026-05-31T13:03:18.614173,755,773.0,"773.0,2.135588581,6.823495922,1.713706205,77.34447365,83.51032168",[DATA] H:100 A:0 Latency:21 us
2026-05-31T13:03:19.168539,756,991.0,"991.0,2.446591768,5.163510733,2.422038065,76.11796141,77.92344331",[DATA] H:100 A:0 Latency:17 us
2026-05-31T13:03:19.722597,757,716.0,"716.0,3.241162369,6.778317848,1.047764481,76.79410197,77.53077319",[DATA] H:100 A:0 Latency:21 us
2026-05-31T13:03:20.277468,758,461.0,"461.0,4.219484306,7.569036384,3.025627353,77.64843802,92.11321432",[DATA] H:100 A:0 Latency:20 us
2026-05-31T13:03:20.832626,759,1312.0,"1312.0,2.382446409,4.043380724,2.819835096,79.22372865,78.22559989",[DATA] H:100 A:0 Latency:22 us
2026-05-31T13:03:21.387895,760,695.0,"695.0,2.876398904,3.799518441,1.143531266,75.8401196,82.13261145",[DATA] H:100 A:0 Latency:13 us
2026-05-31T13:03:21.943082,761,964.0,"964.0,3.007727651,7.121125567,3.322855182,77.30844792,83.19324814",[DATA] H:100 A:0 Latency:18 us
2026-05-31T13:03:22.497156,762,395.0,"395.0,2.660074305,10.08991908,2.618791404,75.27231485,74.17561012",[DATA] H:100 A:0 Latency:16 us
2026-05-31T13:03:23.051624,763,781.0,"781.0,2.262383769,8.047641423,1.707715116,83.8771904,66.52698341",[DATA] H:100 A:0 Latency:25 us
2026-05-31T13:03:23.606190,764,1381.0,"1381.0,4.409951867,6.871637185,1.591179535,76.30511228,73.80566753",[DATA] H:100 A:0 Latency:17 us
2026-05-31T13:03:24.160009,765,971.0,"971.0,3.292745929,2.740716289,2.889257153,78.80060714,79.93736915",[DATA] H:100 A:0 Latency:17 us
2026-05-31T13:03:24.715645,766,759.0,"759.0,2.575167849,5.341572664,3.492233113,84.15029423,79.83860068",[DATA] H:0 A:1 Latency:25 us
2026-05-31T13:03:25.270578,767,577.0,"577.0,5.686247277,7.173500045,4.130749761,74.33106411,83.54289177",[DATA] H:100 A:0 Latency:20 us
2026-05-31T13:03:25.826017,768,636.0,"636.0,3.197928275,5.356711764,2.149771982,77.29056055,79.65939971",[DATA] H:100 A:0 Latency:16 us
2026-05-31T13:03:26.379372,769,890.0,"890.0,2.941271657,5.764450938,1.176288206,83.76912196,88.97689985",[DATA] H:0 A:1 Latency:32 us
2026-05-31T13:03:26.933495,770,673.0,"673.0,1.921312384,5.572455299,1.837489635,75.12810261,73.05638626",[DATA] H:100 A:0 Latency:23 us
2026-05-31T13:03:27.488586,771,552.0,"552.0,6.093179661,4.762939007,2.209546889,74.11513071,81.6424259",[DATA] H:100 A:0 Latency:15 us
2026-05-31T13:03:28.043924,772,611.0,"611.0,2.388089657,2.975794248,2.558657127,75.75400591,83.39240361",[DATA] H:100 A:0 Latency:12 us
2026-05-31T13:03:28.599261,773,422.0,"422.0,4.438999046,5.341326834,2.263618239,76.86467742,78.71824938",[DATA] H:100 A:0 Latency:18 us
2026-05-31T13:03:29.154556,774,1265.0,"1265.0,2.212431147,17.56316606,1.741781621,76.75506195,74.42588881",[DATA] H:100 A:0 Latency:18 us
2026-05-31T13:03:29.709631,775,907.0,"907.0,3.73873047,7.619844544,2.44249517,77.1823635,76.1936689",[DATA] H:100 A:0 Latency:18 us
2026-05-31T13:03:30.263009,776,764.0,"764.0,2.906079843,8.572967145,2.407333125,77.36771741,81.5117588",[DATA] H:100 A:0 Latency:17 us
2026-05-31T13:03:30.817238,777,530.0,"530.0,2.234768725,6.365426803,6.079396982,76.21319322,68.45076862",[DATA] H:100 A:0 Latency:20 us
2026-05-31T13:03:31.371390,778,524.0,"524.0,2.708685393,4.785981805,1.413569559,76.53280895,65.81168535",[DATA] H:100 A:0 Latency:14 us
2026-05-31T13:03:31.925824,779,1035.0,"1035.0,3.79556451,7.899021508,2.794537139,77.66757033,75.34698288",[DATA] H:100 A:0 Latency:15 us
2026-05-31T13:03:32.478707,780,699.0,"699.0,2.358260908,5.02903398,1.625454,76.24677229,73.26772224",[DATA] H:100 A:0 Latency:18 us
2026-05-31T13:03:33.033559,781,1293.0,"1293.0,2.084073071,6.912758074,1.947443778,75.6154519,73.62474172",[DATA] H:100 A:0 Latency:15 us
2026-05-31T13:03:33.588642,782,834.0,"834.0,3.685473349,7.428454954,1.320853188,74.99213547,68.27926469",[DATA] H:100 A:0 Latency:18 us
2026-05-31T13:03:34.143075,783,622.0,"622.0,5.227543259,8.424356432,3.48480036,75.67458408,87.75991831",[DATA] H:100 A:0 Latency:22 us
2026-05-31T13:03:34.698220,784,517.0,"517.0,4.528669284,5.230016689,1.499711944,77.71802917,68.51849937",[DATA] H:100 A:0 Latency:23 us
2026-05-31T13:03:35.252949,785,404.0,"404.0,2.938766644,4.706743717,3.458810575,77.19895245,87.81515855",[DATA] H:100 A:0 Latency:19 us
2026-05-31T13:03:35.808747,786,834.0,"834.0,4.564749114,5.194108935,2.258431662,77.88205634,93.04646028",[DATA] H:100 A:0 Latency:26 us
2026-05-31T13:03:36.362343,787,931.0,"931.0,3.733290956,6.577316454,2.682818621,83.15326807,83.74164297",[DATA] H:100 A:0 Latency:28 us
2026-05-31T13:03:36.917742,788,726.0,"726.0,3.357011841,5.189478466,1.358577199,86.64078406,69.71869916",[DATA] H:100 A:0 Latency:35 us
2026-05-31T13:03:37.470735,789,549.0,"549.0,2.962888954,7.869309836,1.17531769,79.17046402,70.8272095",[DATA] H:100 A:0 Latency:24 us
2026-05-31T13:03:38.026485,790,804.0,"804.0,4.359357268,5.002217696,1.66670702,73.85684544,80.41326104",[DATA] H:100 A:0 Latency:21 us
2026-05-31T13:03:38.582399,791,905.0,"905.0,2.30947156,6.400908939,3.274320637,77.3532489,75.99187994",[DATA] H:100 A:0 Latency:15 us
2026-05-31T13:03:39.138031,792,1019.0,"1019.0,2.476156634,6.316212523,1.462275311,77.85339864,80.19045751",[DATA] H:100 A:0 Latency:17 us
2026-05-31T13:03:39.692356,793,475.0,"475.0,4.559912687,8.457963182,1.599540957,77.314579,88.13201718",[DATA] H:100 A:0 Latency:22 us
2026-05-31T13:03:40.245861,794,1073.0,"1073.0,2.907462048,8.973698826,1.251051987,83.43500963,74.89510965",[DATA] H:100 A:0 Latency:26 us
2026-05-31T13:03:40.801061,795,811.0,"811.0,2.740817853,5.646508118,4.932579465,81.41059025,85.43089097",[DATA] H:0 A:1 Latency:31 us
2026-05-31T13:03:41.355238,796,1029.0,"1029.0,2.528493127,8.954362302,2.716114248,75.95288436,76.62333628",[DATA] H:100 A:0 Latency:24 us
2026-05-31T13:03:41.910572,797,766.0,"766.0,3.042279513,6.943620218,1.330639794,76.46882997,80.78100527",[DATA] H:100 A:0 Latency:17 us
2026-05-31T13:03:42.463907,798,941.0,"941.0,2.834998545,6.611676981,1.64539486,79.62341295,81.541942",[DATA] H:100 A:0 Latency:19 us
2026-05-31T13:03:43.019716,799,1183.0,"1183.0,2.818982776,8.621274762,1.014461054,76.13483701,72.36712913",[DATA] H:100 A:0 Latency:17 us
2026-05-31T13:03:43.573879,800,368.0,"368.0,3.801407614,6.217480841,3.595575407,79.53106673,83.10007796",[DATA] H:0 A:1 Latency:20 us
2026-05-31T13:03:44.128484,801,636.0,"636.0,0.996441894,2.001760432,2.234294038,77.04082113,76.05656508",[DATA] H:100 A:0 Latency:11 us
2026-05-31T13:03:44.683651,802,955.0,"955.0,5.100299674,9.488204528,2.114151494,77.02300823,75.3613971",[DATA] H:100 A:0 Latency:20 us
2026-05-31T13:03:45.239290,803,574.0,"574.0,5.807861458,6.497179759,1.667277789,74.72062038,74.33900568",[DATA] H:100 A:0 Latency:16 us
2026-05-31T13:03:45.792633,804,1114.0,"1114.0,4.12410955,6.02314996,1.995945614,76.04035493,81.81689605",[DATA] H:100 A:0 Latency:18 us
2026-05-31T13:03:46.347911,805,1034.0,"1034.0,2.357869232,1.5845327,1.923361562,73.07102899,80.8921038",[DATA] H:100 A:0 Latency:16 us
2026-05-31T13:03:46.901715,806,755.0,"755.0,3.201776255,7.569532248,1.326309961,85.42243237,67.15353327",[DATA] H:100 A:0 Latency:29 us
2026-05-31T13:03:47.456890,807,1448.0,"1448.0,2.315208439,6.833427116,1.64788743,77.22733416,79.91855139",[DATA] H:100 A:0 Latency:18 us
2026-05-31T13:03:48.012533,808,1096.0,"1096.0,5.169692989,5.205118662,4.395413841,74.97413199,72.36754602",[DATA] H:100 A:0 Latency:16 us
2026-05-31T13:03:48.567013,809,1041.0,"1041.0,2.826586068,6.116928304,1.300058172,77.80391171,90.46638725",[DATA] H:100 A:0 Latency:24 us
2026-05-31T13:03:49.121854,810,783.0,"783.0,4.090575336,5.074680279,1.413296428,78.48018204,71.90235832",[DATA] H:100 A:0 Latency:21 us
2026-05-31T13:03:49.676435,811,918.0,"918.0,4.683521719,7.984722741,1.602496955,76.65713639,78.9664137",[DATA] H:100 A:0 Latency:16 us
2026-05-31T13:03:50.232133,812,757.0,"757.0,5.0242972,6.213922855,1.498265957,74.86646571,78.81490066",[DATA] H:100 A:0 Latency:19 us
2026-05-31T13:03:50.786340,813,648.0,"648.0,2.689928416,4.447166129,2.526988594,75.63716102,69.66751507",[DATA] H:100 A:0 Latency:13 us
2026-05-31T13:03:51.342216,814,437.0,"437.0,2.749569573,7.989146874,2.355380712,76.47359178,79.46227944",[DATA] H:100 A:0 Latency:19 us
2026-05-31T13:03:51.895056,815,762.0,"762.0,4.371894895,4.789459977,3.444749322,77.80326988,74.42402149",[DATA] H:100 A:0 Latency:15 us
2026-05-31T13:03:52.448745,816,511.0,"511.0,1.8656168,6.886134323,5.631606049,76.88511495,81.61409066",[DATA] H:100 A:0 Latency:19 us
2026-05-31T13:03:53.003803,817,928.0,"928.0,4.86083745,6.101372824,2.480547918,75.88805091,82.66793307",[DATA] H:100 A:0 Latency:15 us
2026-05-31T13:03:53.559114,818,804.0,"804.0,2.124340921,5.712782395,1.243423047,75.99336364,92.28642397",[DATA] H:100 A:0 Latency:24 us
2026-05-31T13:03:54.114511,819,944.0,"944.0,4.895632399,6.179439809,3.076564596,80.48777988,82.66876686",[DATA] H:100 A:0 Latency:30 us
2026-05-31T13:03:54.668554,820,702.0,"702.0,4.964932391,6.605684692,3.72012569,76.59954024,71.69536072",[DATA] H:100 A:0 Latency:21 us
2026-05-31T13:03:55.223631,821,1241.0,"1241.0,5.032921861,14.10747176,1.771239137,77.83934971,88.59752246",[DATA] H:100 A:0 Latency:23 us
2026-05-31T13:03:55.777916,822,928.0,"928.0,3.714234862,5.143403171,2.7805682,73.62804035,70.34740137",[DATA] H:100 A:0 Latency:18 us
2026-05-31T13:03:56.332660,823,603.0,"603.0,3.961661298,4.789571666,1.69318621,76.97952642,79.12642552",[DATA] H:100 A:0 Latency:13 us
2026-05-31T13:03:56.888786,824,923.0,"923.0,4.457010094,4.859948904,3.326562803,76.99463879,84.52490463",[DATA] H:100 A:0 Latency:17 us
2026-05-31T13:03:57.443868,825,1603.0,"1603.0,3.020079908,6.811742237,2.448479302,78.69816532,74.79930766",[DATA] H:100 A:0 Latency:17 us
2026-05-31T13:03:57.999570,826,491.0,"491.0,4.16573091,6.448849465,2.342862944,73.60306904,80.6118766",[DATA] H:100 A:0 Latency:17 us
2026-05-31T13:03:58.553424,827,747.0,"747.0,2.350813605,5.107784778,5.329610078,78.20416864,83.36449789",[DATA] H:100 A:0 Latency:17 us
2026-05-31T13:03:59.106884,828,801.0,"801.0,2.055937889,6.429183235,3.157094198,74.48421478,76.42009325",[DATA] H:100 A:0 Latency:16 us
2026-05-31T13:03:59.661339,829,682.0,"682.0,2.391655927,4.617195828,2.848982106,76.27241676,69.88460898",[DATA] H:100 A:0 Latency:16 us
2026-05-31T13:04:00.214970,830,531.0,"531.0,2.752722207,3.74276504,2.564415915,77.00699461,67.63989497",[DATA] H:100 A:0 Latency:13 us
2026-05-31T13:04:00.769528,831,759.0,"759.0,2.479499744,5.442148259,1.91155967,75.71926,85.33306315",[DATA] H:100 A:0 Latency:25 us
2026-05-31T13:04:01.325600,832,599.0,"599.0,3.946371688,3.704981751,1.641831272,75.57665503,84.39772207",[DATA] H:100 A:0 Latency:18 us
2026-05-31T13:04:01.878682,833,660.0,"660.0,2.304241005,6.698155481,1.733168766,73.27301308,69.82162172",[DATA] H:100 A:0 Latency:20 us
2026-05-31T13:04:02.432187,834,648.0,"648.0,2.661483059,4.874774483,1.767956149,75.32670035,70.658653",[DATA] H:100 A:0 Latency:13 us
2026-05-31T13:04:02.986922,835,1070.0,"1070.0,2.376417226,5.538808613,1.362453093,76.8777915,74.0942779",[DATA] H:100 A:0 Latency:17 us
2026-05-31T13:04:03.541164,836,631.0,"631.0,4.430483402,5.541282642,1.360415331,87.20000924,83.00410091",[DATA] H:0 A:1 Latency:31 us
2026-05-31T13:04:04.095422,837,611.0,"611.0,2.081242263,4.601623614,3.048033566,75.97584329,81.82645119",[DATA] H:100 A:0 Latency:19 us
2026-05-31T13:04:04.651092,838,741.0,"741.0,2.416913184,8.576523993,1.993765781,76.32406858,86.82096209",[DATA] H:100 A:0 Latency:21 us
2026-05-31T13:04:05.205630,839,767.0,"767.0,2.648127113,6.395074015,1.972828219,76.9550307,80.79834083",[DATA] H:100 A:0 Latency:24 us
2026-05-31T13:04:05.760426,840,946.0,"946.0,5.229254637,9.333714746,2.694065013,85.66117023,81.2473261",[DATA] H:100 A:0 Latency:24 us
2026-05-31T13:04:06.316305,841,813.0,"813.0,2.921475852,5.851868912,0.329373811,78.56737349,73.37350412",[DATA] H:100 A:0 Latency:20 us
2026-05-31T13:04:06.871073,842,984.0,"984.0,3.692439228,5.295042233,1.662781116,78.40153763,65.33222735",[DATA] H:100 A:0 Latency:15 us
2026-05-31T13:04:07.425484,843,772.0,"772.0,3.630924175,11.792247,5.489421799,77.11055337,78.06377932",[DATA] H:100 A:0 Latency:21 us
2026-05-31T13:04:07.980071,844,665.0,"665.0,2.763026429,7.450452574,3.961021407,77.63614488,76.76926275",[DATA] H:100 A:0 Latency:19 us
2026-05-31T13:04:08.532893,845,1385.0,"1385.0,2.526761,6.591818268,3.342008728,75.8300733,79.68724115",[DATA] H:100 A:0 Latency:18 us
2026-05-31T13:04:09.088296,846,755.0,"755.0,2.743945949,4.763432533,2.845741436,76.31578638,86.93828624",[DATA] H:100 A:0 Latency:27 us
2026-05-31T13:04:09.644766,847,645.0,"645.0,0.855078608,0.785971997,1.941373398,77.06890159,73.295796",[DATA] H:100 A:0 Latency:19 us
2026-05-31T13:04:10.199946,848,1104.0,"1104.0,2.259224073,6.840530506,1.885217396,75.1248128,73.91005005",[DATA] H:100 A:0 Latency:18 us
2026-05-31T13:04:10.755301,849,740.0,"740.0,2.359164164,7.147234078,1.530200476,76.44273469,80.06432931",[DATA] H:100 A:0 Latency:21 us
2026-05-31T13:04:11.310474,850,1019.0,"1019.0,4.393304674,7.817892935,1.770720106,83.27332504,69.10288976",[DATA] H:100 A:0 Latency:23 us
2026-05-31T13:04:11.865935,851,672.0,"672.0,2.95680847,5.263728741,2.367819634,80.72217498,86.31671946",[DATA] H:0 A:1 Latency:26 us
2026-05-31T13:04:12.419529,852,754.0,"754.0,3.414154364,5.975784622,3.219875317,84.06322337,86.96826268",[DATA] H:0 A:1 Latency:25 us
2026-05-31T13:04:12.974380,853,1292.0,"1292.0,4.504137567,8.657419753,2.959173557,76.50431081,71.74080651",[DATA] H:100 A:0 Latency:21 us
2026-05-31T13:04:13.530139,854,785.0,"785.0,4.396418665,3.919986267,4.020617991,86.40796897,74.97154886",[DATA] H:100 A:0 Latency:23 us
2026-05-31T13:04:14.084266,855,999.0,"999.0,0.126659536,5.106325137,3.938252666,74.6453461,92.35369799",[DATA] H:0 A:1 Latency:26 us
2026-05-31T13:04:14.638103,856,602.0,"602.0,4.634554032,6.369686705,1.571610029,85.17321243,78.58991731",[DATA] H:0 A:1 Latency:32 us
2026-05-31T13:04:15.193394,857,577.0,"577.0,2.518349767,6.502812233,2.236687066,81.2735293,78.08518322",[DATA] H:0 A:1 Latency:25 us
2026-05-31T13:04:15.748053,858,848.0,"848.0,3.833365062,2.388807053,2.378656875,76.97266772,82.39264419",[DATA] H:100 A:0 Latency:19 us
2026-05-31T13:04:16.303724,859,553.0,"553.0,4.369523041,8.061723342,2.340630546,76.50909103,80.10926822",[DATA] H:100 A:0 Latency:19 us
2026-05-31T13:04:16.858005,860,959.0,"959.0,1.824188873,7.96728856,1.135671003,73.82489042,88.5996535",[DATA] H:100 A:0 Latency:20 us
2026-05-31T13:04:17.412777,861,1163.0,"1163.0,2.731725595,3.703595258,2.951684392,76.78462566,81.40008837",[DATA] H:100 A:0 Latency:21 us
2026-05-31T13:04:17.968175,862,710.0,"710.0,3.32137568,7.655270015,3.476591258,74.4753573,78.36629604",[DATA] H:100 A:0 Latency:17 us
2026-05-31T13:04:18.524511,863,657.0,"657.0,2.994991541,4.178793493,2.47931994,77.22640418,78.19048215",[DATA] H:100 A:0 Latency:14 us
2026-05-31T13:04:19.080202,864,1657.0,"1657.0,2.001697455,8.297558059,4.167520376,76.69307655,70.55427272",[DATA] H:100 A:0 Latency:19 us
2026-05-31T13:04:19.634723,865,1002.0,"1002.0,2.53531116,4.319270146,2.298679963,76.32379902,74.78796852",[DATA] H:100 A:0 Latency:15 us
2026-05-31T13:04:20.189402,866,1367.0,"1367.0,4.126405899,4.289360368,1.783420119,77.93186406,76.88707645",[DATA] H:100 A:0 Latency:15 us
2026-05-31T13:04:20.744905,867,632.0,"632.0,2.790786352,4.917217991,1.450856301,78.83559492,69.47322961",[DATA] H:100 A:0 Latency:13 us
2026-05-31T13:04:21.300528,868,827.0,"827.0,2.076773408,7.526720771,1.333690427,75.85254135,74.76097514",[DATA] H:100 A:0 Latency:18 us
2026-05-31T13:04:21.856142,869,654.0,"654.0,4.725930854,8.85406918,1.167063599,77.74449923,77.15786143",[DATA] H:100 A:0 Latency:18 us
2026-05-31T13:04:22.410056,870,817.0,"817.0,1.802659212,11.83786602,1.59932056,76.85877669,75.9698716",[DATA] H:100 A:0 Latency:17 us
2026-05-31T13:04:22.963115,871,401.0,"401.0,1.649616776,6.852482347,3.404350224,75.73533181,89.40331541",[DATA] H:100 A:0 Latency:23 us
2026-05-31T13:04:23.518667,872,730.0,"730.0,2.471940888,6.640023394,1.979908008,75.78765815,82.90408398",[DATA] H:100 A:0 Latency:26 us
2026-05-31T13:04:24.074429,873,550.0,"550.0,2.264241007,6.080029012,1.811412899,77.11446713,81.2256843",[DATA] H:100 A:0 Latency:17 us
2026-05-31T13:04:24.629689,874,508.0,"508.0,2.52277063,5.621165197,3.197214946,73.66861129,73.81356885",[DATA] H:100 A:0 Latency:18 us
2026-05-31T13:04:25.185202,875,817.0,"817.0,3.335511607,8.374007278,1.701024908,85.39197692,86.12808815",[DATA] H:0 A:1 Latency:27 us
2026-05-31T13:04:25.739558,876,729.0,"729.0,3.107362877,6.620816465,2.587125487,77.24274885,68.68660643",[DATA] H:100 A:0 Latency:24 us
2026-05-31T13:04:26.293841,877,515.0,"515.0,2.276880306,5.903258497,1.45498406,85.0569885,78.06543861",[DATA] H:0 A:1 Latency:28 us
2026-05-31T13:04:26.848580,878,939.0,"939.0,2.428280491,5.982529664,0.958383366,78.56508575,84.01540623",[DATA] H:100 A:0 Latency:23 us
2026-05-31T13:04:27.405088,879,774.0,"774.0,1.90705411,4.782535479,2.598113559,78.63714386,69.04126708",[DATA] H:100 A:0 Latency:21 us
2026-05-31T13:04:27.959526,880,797.0,"797.0,2.673781098,3.340920775,1.48803922,84.01893949,84.1880402",[DATA] H:100 A:0 Latency:23 us
2026-05-31T13:04:28.514766,881,578.0,"578.0,4.77626768,3.510665852,2.109444557,77.56449717,88.40233084",[DATA] H:100 A:0 Latency:21 us
2026-05-31T13:04:29.069977,882,513.0,"513.0,3.176039651,6.178013171,4.232140894,76.61201141,79.18600876",[DATA] H:100 A:0 Latency:22 us
2026-05-31T13:04:29.625811,883,761.0,"761.0,2.742019996,1.537303794,1.841224874,76.6479126,91.79583836",[DATA] H:100 A:0 Latency:26 us
2026-05-31T13:04:30.180546,884,1011.0,"1011.0,3.965804742,5.71332074,0.943031247,75.91094206,87.47492755",[DATA] H:100 A:0 Latency:29 us
2026-05-31T13:04:30.735537,885,573.0,"573.0,1.892807383,4.916807759,1.2837678,80.6072599,88.6998194",[DATA] H:0 A:1 Latency:27 us
2026-05-31T13:04:31.291138,886,692.0,"692.0,2.766063821,7.739269182,1.432359629,76.97482795,76.50396162",[DATA] H:100 A:0 Latency:24 us
2026-05-31T13:04:31.845115,887,863.0,"863.0,2.099467431,11.77501879,1.459897084,75.63183044,73.34095227",[DATA] H:100 A:0 Latency:17 us
2026-05-31T13:04:32.399024,888,992.0,"992.0,4.295442719,3.270803095,1.863255239,78.96028688,66.11653434",[DATA] H:100 A:0 Latency:19 us
2026-05-31T13:04:32.953947,889,959.0,"959.0,3.631177215,5.185705091,3.65641377,76.30824086,82.78973503",[DATA] H:100 A:0 Latency:17 us
2026-05-31T13:04:33.508991,890,546.0,"546.0,3.238593035,5.264050223,2.067966085,76.93979643,70.6732347",[DATA] H:100 A:0 Latency:18 us
2026-05-31T13:04:34.064490,891,725.0,"725.0,3.828372682,4.99735449,1.345250598,85.19367283,72.63084377",[DATA] H:100 A:0 Latency:23 us
2026-05-31T13:04:34.618887,892,606.0,"606.0,1.707440337,4.526986603,1.282484742,78.70518057,75.30425896",[DATA] H:100 A:0 Latency:15 us
2026-05-31T13:04:35.173594,893,625.0,"625.0,2.444818248,6.9115624,1.96113987,74.63460324,84.99853062",[DATA] H:100 A:0 Latency:18 us
2026-05-31T13:04:35.728068,894,1309.0,"1309.0,2.259896695,9.153990935,0.990830522,76.53018563,74.37135274",[DATA] H:100 A:0 Latency:19 us
2026-05-31T13:04:36.283266,895,577.0,"577.0,2.462080898,5.949778975,3.349267879,74.35416666,74.97514996",[DATA] H:100 A:0 Latency:16 us
2026-05-31T13:04:36.837216,896,617.0,"617.0,3.089107196,6.001925429,1.987763137,80.7828067,86.65046814",[DATA] H:0 A:1 Latency:24 us
2026-05-31T13:04:37.390843,897,1010.0,"1010.0,2.037556556,5.230471576,2.814393574,77.2725248,77.11290828",[DATA] H:100 A:0 Latency:20 us
2026-05-31T13:04:37.945275,898,423.0,"423.0,5.130553364,3.467472369,1.726349223,77.80895743,74.92566345",[DATA] H:100 A:0 Latency:16 us
2026-05-31T13:04:38.499035,899,1024.0,"1024.0,2.194610985,4.866378095,0.512181545,77.7741808,83.93495969",[DATA] H:100 A:0 Latency:16 us
2026-05-31T13:04:39.054356,900,607.0,"607.0,4.07410861,5.129664584,3.310687237,82.84755286,85.33442549",[DATA] H:0 A:1 Latency:24 us
2026-05-31T13:04:39.610096,901,842.0,"842.0,2.801440365,9.60750911,1.945725473,76.45967548,82.10105021",[DATA] H:100 A:0 Latency:18 us
2026-05-31T13:04:40.165580,902,835.0,"835.0,2.47090221,4.752518631,0.908223114,79.24699587,74.94902487",[DATA] H:100 A:0 Latency:19 us
2026-05-31T13:04:40.721290,903,998.0,"998.0,3.221508171,6.410087055,4.465178096,74.38572927,66.06971892",[DATA] H:100 A:0 Latency:15 us
2026-05-31T13:04:41.275349,904,640.0,"640.0,2.727875647,3.434500159,2.257701696,74.6511105,84.15373661",[DATA] H:100 A:0 Latency:13 us
2026-05-31T13:04:41.829784,905,504.0,"504.0,3.519139974,7.694572087,2.793632584,75.51278608,84.05506658",[DATA] H:100 A:0 Latency:18 us
2026-05-31T13:04:42.382595,906,955.0,"955.0,3.884093963,7.635624769,0.984024345,75.56967059,69.5754104",[DATA] H:100 A:0 Latency:17 us
2026-05-31T13:04:42.937354,907,821.0,"821.0,4.748495662,5.806730317,2.791687329,88.3040141,82.11916933",[DATA] H:0 A:1 Latency:26 us
2026-05-31T13:04:43.491871,908,1089.0,"1089.0,1.897897621,9.35354826,1.506858324,76.72462772,71.12620683",[DATA] H:100 A:0 Latency:25 us
2026-05-31T13:04:44.046598,909,797.0,"797.0,2.462027183,4.283105167,2.187904578,75.80978574,68.43532058",[DATA] H:100 A:0 Latency:17 us
2026-05-31T13:04:44.601273,910,1128.0,"1128.0,4.699042569,6.654533003,0.96844132,77.66226364,72.74068348",[DATA] H:100 A:0 Latency:15 us
2026-05-31T13:04:45.155832,911,736.0,"736.0,4.61142527,5.201283948,1.656083483,79.39459826,82.58293241",[DATA] H:100 A:0 Latency:22 us
2026-05-31T13:04:45.711587,912,562.0,"562.0,4.150302032,4.80189599,2.140263162,76.16860228,72.33027424",[DATA] H:100 A:0 Latency:14 us
2026-05-31T13:04:46.267359,913,1232.0,"1232.0,3.517748283,7.309853995,2.538850794,75.55972943,76.30959873",[DATA] H:100 A:0 Latency:17 us
2026-05-31T13:04:46.821149,914,1053.0,"1053.0,2.691373358,4.673427651,2.699000061,75.24727534,87.99681434",[DATA] H:100 A:0 Latency:23 us
2026-05-31T13:04:47.375981,915,772.0,"772.0,3.978689418,7.330912447,2.214580766,75.27724443,73.87387577",[DATA] H:100 A:0 Latency:25 us
2026-05-31T13:04:47.930474,916,862.0,"862.0,3.97789669,6.385190797,0.878683513,85.52908036,77.13915919",[DATA] H:0 A:1 Latency:24 us
2026-05-31T13:04:48.485529,917,669.0,"669.0,2.777709395,7.300733131,2.837504448,85.02861492,67.15433227",[DATA] H:0 A:1 Latency:32 us
2026-05-31T13:04:49.039505,918,967.0,"967.0,5.019605624,7.791592228,2.457673732,76.72949969,71.57082091",[DATA] H:100 A:0 Latency:18 us
2026-05-31T13:04:49.594649,919,813.0,"813.0,2.708750192,4.96367952,3.597705474,75.03503734,80.39353516",[DATA] H:100 A:0 Latency:16 us
2026-05-31T13:04:50.148108,920,928.0,"928.0,2.864347874,5.45897138,2.502844844,76.86037339,72.37359461",[DATA] H:100 A:0 Latency:15 us
2026-05-31T13:04:50.704340,921,636.0,"636.0,2.499743522,3.954032606,1.161792033,74.14924704,72.38714334",[DATA] H:100 A:0 Latency:14 us
2026-05-31T13:04:51.259904,922,1009.0,"1009.0,2.989587648,8.194917737,2.877075017,76.50789567,70.31916938",[DATA] H:100 A:0 Latency:16 us
2026-05-31T13:04:51.814852,923,523.0,"523.0,2.768377533,10.41567564,1.603632275,76.31189436,74.70228332",[DATA] H:100 A:0 Latency:18 us
2026-05-31T13:04:52.368545,924,1043.0,"1043.0,3.298957369,9.761772621,2.291429497,78.3678006,79.08568679",[DATA] H:100 A:0 Latency:15 us
2026-05-31T13:04:52.923736,925,607.0,"607.0,4.283516633,5.400412413,1.652831174,75.31194277,76.26815859",[DATA] H:100 A:0 Latency:18 us
2026-05-31T13:04:53.478430,926,659.0,"659.0,1.702353398,6.303980262,5.196123214,77.76001294,81.51652066",[DATA] H:100 A:0 Latency:19 us
2026-05-31T13:04:54.032080,927,822.0,"822.0,2.095269078,6.599315567,3.259074804,73.32728499,73.66222054",[DATA] H:100 A:0 Latency:17 us
2026-05-31T13:04:54.586986,928,578.0,"578.0,3.260091756,6.615160388,1.697936712,76.98703744,78.47078103",[DATA] H:100 A:0 Latency:18 us
2026-05-31T13:04:55.140269,929,470.0,"470.0,4.109189029,15.31196456,1.007126183,79.46057193,72.55448115",[DATA] H:0 A:1 Latency:19 us
2026-05-31T13:04:55.695589,930,514.0,"514.0,3.024971228,9.721045537,1.517033126,76.64486411,79.65768255",[DATA] H:100 A:0 Latency:19 us
2026-05-31T13:04:56.252268,931,651.0,"651.0,2.23604479,7.660506502,2.562027134,81.47081225,87.50614232",[DATA] H:0 A:1 Latency:22 us
2026-05-31T13:04:56.807787,932,530.0,"530.0,2.121883334,3.796253736,1.807637831,83.19502912,72.77963293",[DATA] H:0 A:1 Latency:25 us
2026-05-31T13:04:57.361898,933,817.0,"817.0,3.211817901,3.615898912,1.896972247,76.48864671,69.8226272",[DATA] H:100 A:0 Latency:19 us
2026-05-31T13:04:57.917032,934,1049.0,"1049.0,2.088749776,0.71641769,2.252879467,88.17793095,75.81778713",[DATA] H:0 A:1 Latency:24 us
2026-05-31T13:04:58.472515,935,823.0,"823.0,5.798928605,5.670242844,1.844981034,76.27472578,73.35602325",[DATA] H:100 A:0 Latency:26 us
2026-05-31T13:04:59.027204,936,1038.0,"1038.0,3.881673246,8.208593019,1.340862741,75.39605857,76.97549571",[DATA] H:100 A:0 Latency:15 us
2026-05-31T13:04:59.581163,937,1221.0,"1221.0,1.219116699,6.713032729,2.683287242,81.42921433,85.93512912",[DATA] H:0 A:1 Latency:29 us
2026-05-31T13:05:00.134534,938,607.0,"607.0,2.738637553,4.711852683,2.047692167,77.64327719,64.87640262",[DATA] H:100 A:0 Latency:18 us
2026-05-31T13:05:00.689287,939,376.0,"376.0,2.986891282,7.19803912,3.019817332,73.74530329,86.77185461",[DATA] H:100 A:0 Latency:21 us
2026-05-31T13:05:01.245251,940,390.0,"390.0,2.241631349,9.812596479,2.967307553,76.08764617,71.50454844",[DATA] H:100 A:0 Latency:21 us
2026-05-31T13:05:01.800501,941,925.0,"925.0,2.175120918,6.522407926,2.9644943,77.93695291,71.14407655",[DATA] H:100 A:0 Latency:17 us
2026-05-31T13:05:02.355028,942,853.0,"853.0,3.116100536,6.135939021,1.747093758,73.89554655,83.67801072",[DATA] H:100 A:0 Latency:15 us
2026-05-31T13:05:02.910055,943,398.0,"398.0,0.695406247,7.048616328,1.613129818,75.6404012,74.87981508",[DATA] H:100 A:0 Latency:15 us
2026-05-31T13:05:03.464166,944,637.0,"637.0,2.769608389,5.336278769,1.415656431,76.82012265,80.51980616",[DATA] H:100 A:0 Latency:19 us
2026-05-31T13:05:04.018629,945,1300.0,"1300.0,4.128023349,14.9511731,1.323942774,83.58792508,76.09131109",[DATA] H:100 A:0 Latency:23 us
2026-05-31T13:05:04.572148,946,658.0,"658.0,2.50654207,5.301844103,1.620409798,85.93146387,78.00403672",[DATA] H:0 A:1 Latency:29 us
2026-05-31T13:05:05.126649,947,783.0,"783.0,2.313158198,5.489738648,3.01705444,76.96760877,78.5740347",[DATA] H:100 A:0 Latency:19 us
2026-05-31T13:05:05.682417,948,1072.0,"1072.0,1.845775266,5.850744881,2.414154185,73.21521648,76.25234949",[DATA] H:100 A:0 Latency:16 us
2026-05-31T13:05:06.236762,949,966.0,"966.0,4.442224003,4.575371369,1.302433489,76.55528445,89.33105776",[DATA] H:100 A:0 Latency:21 us
2026-05-31T13:05:06.791641,950,756.0,"756.0,2.024046992,6.670727859,4.881209356,74.80490193,89.71494802",[DATA] H:100 A:0 Latency:32 us
2026-05-31T13:05:07.347545,951,818.0,"818.0,3.923524748,2.61073014,1.456526081,75.38695185,77.20105289",[DATA] H:100 A:0 Latency:22 us
2026-05-31T13:05:07.902445,952,1083.0,"1083.0,3.158744982,7.416283036,2.014016364,77.03957489,75.61054602",[DATA] H:100 A:0 Latency:18 us
2026-05-31T13:05:08.457117,953,576.0,"576.0,2.864902086,7.633368028,2.586668747,75.94036382,76.782504",[DATA] H:100 A:0 Latency:17 us
2026-05-31T13:05:09.010288,954,876.0,"876.0,3.495089111,6.031392609,2.269179579,78.13834141,78.97687132",[DATA] H:100 A:0 Latency:16 us
2026-05-31T13:05:09.564842,955,844.0,"844.0,3.354398677,4.810898483,2.960913637,82.49499306,85.43791811",[DATA] H:0 A:1 Latency:26 us
2026-05-31T13:05:10.119344,956,508.0,"508.0,2.069492302,5.3595443,1.252063752,74.58129181,63.58066203",[DATA] H:100 A:0 Latency:20 us
2026-05-31T13:05:10.673642,957,388.0,"388.0,1.853837764,3.081813145,5.913649852,76.36921781,82.29044797",[DATA] H:100 A:0 Latency:13 us
2026-05-31T13:05:11.229297,958,674.0,"674.0,2.396427947,7.189811816,3.074409582,76.78798197,83.07791223",[DATA] H:100 A:0 Latency:20 us
2026-05-31T13:05:11.783767,959,1145.0,"1145.0,2.703077441,6.981580184,3.148921178,76.49702907,86.10037236",[DATA] H:100 A:0 Latency:24 us
2026-05-31T13:05:12.338498,960,794.0,"794.0,2.329333198,6.148371227,1.200288211,76.24270123,86.05969643",[DATA] H:100 A:0 Latency:29 us
2026-05-31T13:05:12.893256,961,913.0,"913.0,2.915025235,5.080160726,2.491701363,78.40311683,68.63016264",[DATA] H:100 A:0 Latency:21 us
2026-05-31T13:05:13.448407,962,694.0,"694.0,2.635789896,3.945812382,2.728713417,77.40119346,86.94897901",[DATA] H:100 A:0 Latency:26 us
2026-05-31T13:05:14.001806,963,728.0,"728.0,2.435206419,7.564489538,2.748947984,76.19988473,66.91214624",[DATA] H:100 A:0 Latency:24 us
2026-05-31T13:05:14.556434,964,675.0,"675.0,0.664093471,17.35775318,3.652658093,74.81731549,83.92774767",[DATA] H:100 A:0 Latency:17 us
2026-05-31T13:05:15.111271,965,914.0,"914.0,3.58316082,5.308863754,2.352185573,83.73497988,83.44764694",[DATA] H:100 A:0 Latency:25 us
2026-05-31T13:05:15.666046,966,833.0,"833.0,4.035735607,8.444530391,3.931681072,78.06620822,75.19356469",[DATA] H:100 A:0 Latency:22 us
2026-05-31T13:05:16.221190,967,1328.0,"1328.0,4.281545552,5.701593669,1.371323472,83.95259012,77.71327175",[DATA] H:100 A:0 Latency:22 us
2026-05-31T13:05:16.776092,968,1082.0,"1082.0,3.199350061,7.844388988,2.719780645,76.3849602,88.9911348",[DATA] H:100 A:0 Latency:26 us
2026-05-31T13:05:17.331231,969,797.0,"797.0,3.207006017,7.136024307,2.741174693,75.81597161,81.47111373",[DATA] H:100 A:0 Latency:18 us
2026-05-31T13:05:17.885129,970,1184.0,"1184.0,3.41682127,7.029056825,3.348190889,74.05503815,71.67984648",[DATA] H:100 A:0 Latency:17 us
2026-05-31T13:05:18.440444,971,624.0,"624.0,4.076828881,5.460360644,3.305382091,80.73682738,82.25035418",[DATA] H:0 A:1 Latency:23 us
2026-05-31T13:05:18.995742,972,1023.0,"1023.0,2.008805662,6.636909964,3.409816818,86.48554442,77.35467826",[DATA] H:0 A:1 Latency:25 us
2026-05-31T13:05:19.549725,973,769.0,"769.0,1.47897278,6.541337549,2.136550165,82.21031623,85.57327918",[DATA] H:0 A:1 Latency:29 us
2026-05-31T13:05:20.103216,974,1450.0,"1450.0,2.529041926,6.085343995,2.706177357,76.53621435,78.43448051",[DATA] H:100 A:0 Latency:24 us
2026-05-31T13:05:20.656173,975,1156.0,"1156.0,3.24831335,7.076842476,1.846465474,76.19091452,82.61093997",[DATA] H:100 A:0 Latency:15 us
2026-05-31T13:05:21.210030,976,815.0,"815.0,5.031584761,3.471447532,1.126502392,76.85947357,85.25451507",[DATA] H:100 A:0 Latency:24 us
2026-05-31T13:05:21.765891,977,461.0,"461.0,2.195533418,5.99633304,6.881109842,84.45590568,83.28879849",[DATA] H:0 A:1 Latency:26 us
2026-05-31T13:05:22.321957,978,898.0,"898.0,2.873924262,8.774798313,2.338041086,77.93117695,83.01625027",[DATA] H:100 A:0 Latency:18 us
2026-05-31T13:05:22.877059,979,555.0,"555.0,2.365883377,5.140681656,3.263388757,75.00434314,72.43059108",[DATA] H:100 A:0 Latency:17 us
2026-05-31T13:05:23.432581,980,644.0,"644.0,4.575478145,10.54245493,1.944643714,76.3906263,81.72759264",[DATA] H:100 A:0 Latency:18 us
2026-05-31T13:05:23.987505,981,789.0,"789.0,2.816332341,6.510890091,1.517304987,80.43280838,74.06196395",[DATA] H:100 A:0 Latency:20 us
2026-05-31T13:05:24.540705,982,893.0,"893.0,4.168990557,4.997315674,3.421235523,75.00714511,82.72105406",[DATA] H:100 A:0 Latency:17 us
2026-05-31T13:05:25.095322,983,802.0,"802.0,3.122610817,4.074254783,1.162249087,84.88390411,91.84711335",[DATA] H:0 A:1 Latency:29 us
2026-05-31T13:05:25.649895,984,808.0,"808.0,3.960613764,4.504152262,0.969189695,86.93290872,76.27150327",[DATA] H:0 A:1 Latency:28 us
2026-05-31T13:05:26.211432,985,787.0,"787.0,4.725457705,6.319694008,0.328473435,82.87780967,85.63058313",[DATA] H:0 A:1 Latency:31 us
2026-05-31T13:05:26.766455,986,593.0,"593.0,1.871143665,4.374302781,2.700343191,78.29742439,84.89286152",[DATA] H:100 A:0 Latency:18 us
2026-05-31T13:05:27.322600,987,1010.0,"1010.0,4.291394799,5.1486471,1.51169235,74.87531812,88.07256593",[DATA] H:100 A:0 Latency:23 us
2026-05-31T13:05:27.878294,988,871.0,"871.0,1.050695563,5.510480296,5.546644433,82.97436364,70.90698188",[DATA] H:100 A:0 Latency:26 us
2026-05-31T13:05:28.432261,989,768.0,"768.0,2.058656525,4.360526832,1.427036015,76.51001659,83.2072494",[DATA] H:100 A:0 Latency:17 us
2026-05-31T13:05:28.986564,990,821.0,"821.0,2.415754704,8.474087461,2.199621102,76.02945192,69.30120611",[DATA] H:100 A:0 Latency:15 us
2026-05-31T13:05:29.542312,991,625.0,"625.0,2.13437551,4.507260959,2.81011718,77.99938124,79.60290914",[DATA] H:100 A:0 Latency:13 us
2026-05-31T13:05:30.098711,992,747.0,"747.0,2.559534122,2.999459242,2.034953724,77.78439069,74.8977179",[DATA] H:100 A:0 Latency:16 us
2026-05-31T13:05:30.654477,993,478.0,"478.0,3.362141837,5.654179625,3.202148495,76.84556061,65.25313333",[DATA] H:100 A:0 Latency:17 us
2026-05-31T13:05:31.210523,994,1170.0,"1170.0,3.908566486,5.974111332,2.526646694,77.90042288,82.90531417",[DATA] H:100 A:0 Latency:16 us
2026-05-31T13:05:31.765648,995,659.0,"659.0,2.181265247,6.57242179,3.3620362,80.83873552,86.69867619",[DATA] H:0 A:1 Latency:23 us
2026-05-31T13:05:32.321694,996,667.0,"667.0,3.130011074,10.73601859,1.731604898,76.7622909,79.34923175",[DATA] H:100 A:0 Latency:25 us
2026-05-31T13:05:32.876853,997,1102.0,"1102.0,4.058857206,6.650135038,5.053307467,75.8489572,75.00041433",[DATA] H:100 A:0 Latency:16 us
2026-05-31T13:05:33.432348,998,1042.0,"1042.0,3.728910664,8.259676329,1.726982238,80.59628108,74.65251122",[DATA] H:100 A:0 Latency:19 us
2026-05-31T13:05:33.986979,999,770.0,"770.0,3.903512531,8.94564937,2.875571718,76.62980781,67.73743775",[DATA] H:100 A:0 Latency:24 us
2026-05-31T13:05:34.543018,1000,494.0,"494.0,2.560243551,10.02085705,2.196042839,76.74459037,73.38638179",[DATA] H:100 A:0 Latency:17 us
2026-05-31T13:05:35.099180,1001,563.0,"563.0,3.39612656,5.167091159,1.586716185,76.57686263,70.78580695",[DATA] H:100 A:0 Latency:17 us
2026-05-31T13:05:35.653748,1002,807.0,"807.0,2.618518688,5.054998398,2.93857755,77.40617971,74.5509914",[DATA] H:100 A:0 Latency:15 us
2026-05-31T13:05:36.208109,1003,569.0,"569.0,4.969020457,7.997720985,6.685426485,78.54150689,70.4267002",[DATA] H:100 A:0 Latency:20 us
2026-05-31T13:05:36.762162,1004,580.0,"580.0,3.970901239,7.505531559,2.659926925,77.7158501,74.98940343",[DATA] H:100 A:0 Latency:20 us
2026-05-31T13:05:37.316784,1005,621.0,"621.0,2.595898566,4.663912251,2.138633521,77.18196584,65.75667011",[DATA] H:100 A:0 Latency:12 us
2026-05-31T13:05:37.873053,1006,705.0,"705.0,1.942400599,6.206831631,1.009904216,77.89814419,77.28786644",[DATA] H:100 A:0 Latency:17 us
2026-05-31T13:05:38.429508,1007,955.0,"955.0,2.862295391,3.919076274,1.911393516,76.61096025,81.45253872",[DATA] H:100 A:0 Latency:17 us
2026-05-31T13:05:38.984829,1008,478.0,"478.0,3.450519427,11.96576387,1.835254374,78.20345431,76.93138252",[DATA] H:0 A:1 Latency:18 us
2026-05-31T13:05:39.538734,1009,776.0,"776.0,3.833036913,10.49195566,3.037791775,74.64174503,85.45560996",[DATA] H:100 A:0 Latency:25 us
2026-05-31T13:05:40.094237,1010,753.0,"753.0,3.762802435,7.033884842,1.485300823,82.61592204,74.83466274",[DATA] H:100 A:0 Latency:25 us
2026-05-31T13:05:40.649914,1011,1276.0,"1276.0,3.390677626,4.998572714,4.526056997,76.36426129,85.52131685",[DATA] H:100 A:0 Latency:24 us
2026-05-31T13:05:41.203962,1012,621.0,"621.0,2.376004415,3.454464153,3.036510179,74.30546277,80.2845152",[DATA] H:100 A:0 Latency:15 us
2026-05-31T13:05:41.760091,1013,527.0,"527.0,4.339259788,7.522146593,1.197370815,85.71511333,77.28906101",[DATA] H:0 A:1 Latency:31 us
2026-05-31T13:05:42.315591,1014,513.0,"513.0,3.592777377,3.940012346,3.258075754,77.12917373,85.72557911",[DATA] H:100 A:0 Latency:24 us
2026-05-31T13:05:42.870211,1015,558.0,"558.0,4.783630821,5.217459968,0.827076099,74.7150747,78.95063583",[DATA] H:100 A:0 Latency:20 us
2026-05-31T13:05:43.425690,1016,652.0,"652.0,2.242117773,7.172098643,0.015938379,75.94597409,70.79368639",[DATA] H:100 A:0 Latency:18 us
2026-05-31T13:05:43.980936,1017,551.0,"551.0,3.774523912,4.783903105,1.916931782,77.19868957,79.26048378",[DATA] H:100 A:0 Latency:15 us
2026-05-31T13:05:44.536114,1018,452.0,"452.0,4.009373787,4.259627417,1.897501469,76.25083006,73.86190035",[DATA] H:100 A:0 Latency:13 us
2026-05-31T13:05:45.090602,1019,1011.0,"1011.0,3.56449886,4.397659572,1.801487554,77.86017226,71.96307877",[DATA] H:100 A:0 Latency:18 us
2026-05-31T13:05:45.646297,1020,1338.0,"1338.0,4.522409486,5.395835676,2.564307126,75.6380121,72.44871834",[DATA] H:100 A:0 Latency:17 us
2026-05-31T13:05:46.202045,1021,440.0,"440.0,4.013513157,7.093978672,3.523857798,77.64708478,67.79322058",[DATA] H:100 A:0 Latency:16 us
2026-05-31T13:05:46.757592,1022,944.0,"944.0,2.369686827,6.955543496,0.933054759,74.82729902,70.82101839",[DATA] H:100 A:0 Latency:18 us
2026-05-31T13:05:47.313092,1023,1382.0,"1382.0,3.048306591,7.665496967,1.675753991,87.73261371,81.66520154",[DATA] H:0 A:1 Latency:26 us
2026-05-31T13:05:47.868439,1024,559.0,"559.0,2.907896846,10.11587547,2.188320753,77.50611071,83.96310388",[DATA] H:100 A:0 Latency:24 us
2026-05-31T13:05:48.424368,1025,747.0,"747.0,2.623064044,5.566614397,2.932711211,84.29746336,75.50776543",[DATA] H:0 A:1 Latency:22 us
2026-05-31T13:05:48.979504,1026,404.0,"404.0,3.739321233,4.547393071,2.145560754,75.69784814,83.23181745",[DATA] H:100 A:0 Latency:15 us
2026-05-31T13:05:49.534377,1027,518.0,"518.0,2.166044125,5.537284609,3.265652615,76.04398764,82.07094135",[DATA] H:100 A:0 Latency:17 us
2026-05-31T13:05:50.090124,1028,736.0,"736.0,1.714207388,4.495043827,2.650817098,76.98618791,76.26089916",[DATA] H:100 A:0 Latency:15 us
2026-05-31T13:05:50.644614,1029,568.0,"568.0,4.377627523,5.243625775,1.757246791,74.58782996,79.07516457",[DATA] H:100 A:0 Latency:15 us
2026-05-31T13:05:51.199602,1030,698.0,"698.0,4.454381025,1.401523476,2.866881879,77.27730454,73.04722809",[DATA] H:100 A:0 Latency:17 us
2026-05-31T13:05:51.753468,1031,496.0,"496.0,4.459980724,5.112131186,2.563189068,85.24736371,73.00364177",[DATA] H:0 A:1 Latency:25 us
2026-05-31T13:05:52.308331,1032,936.0,"936.0,1.268626704,6.481105362,1.438671807,77.20466097,70.44824508",[DATA] H:100 A:0 Latency:21 us
2026-05-31T13:05:52.862366,1033,1155.0,"1155.0,3.056349841,5.371817234,4.104194508,76.46722993,75.12590127",[DATA] H:100 A:0 Latency:15 us
2026-05-31T13:05:53.416344,1034,976.0,"976.0,2.557507801,4.444389938,1.006769036,78.12906746,74.64438518",[DATA] H:100 A:0 Latency:18 us
2026-05-31T13:05:53.970733,1035,1251.0,"1251.0,2.64839543,6.68001247,1.322660819,74.34417652,70.0978235",[DATA] H:100 A:0 Latency:15 us
2026-05-31T13:05:54.524062,1036,430.0,"430.0,2.410133091,4.633377823,3.028797659,77.41711663,88.04827786",[DATA] H:100 A:0 Latency:20 us
2026-05-31T13:05:55.077564,1037,632.0,"632.0,4.851719022,6.767540912,1.321356359,81.57754642,75.84885293",[DATA] H:0 A:1 Latency:23 us
2026-05-31T13:05:55.633335,1038,499.0,"499.0,3.857529487,5.224197445,1.233167642,78.77666173,84.33679794",[DATA] H:0 A:1 Latency:19 us
2026-05-31T13:05:56.187057,1039,550.0,"550.0,0.318334168,5.572440433,3.896050769,78.27655179,82.46730613",[DATA] H:0 A:1 Latency:17 us
2026-05-31T13:05:56.743201,1040,668.0,"668.0,2.265682546,6.264854329,1.702498374,75.53467856,71.077335",[DATA] H:100 A:0 Latency:21 us
2026-05-31T13:05:57.297393,1041,550.0,"550.0,3.151348462,7.388099856,1.189584633,74.59875573,70.87235566",[DATA] H:100 A:0 Latency:17 us
2026-05-31T13:05:57.853370,1042,787.0,"787.0,3.528032914,5.273718007,3.154799436,82.62938768,73.53425469",[DATA] H:100 A:0 Latency:23 us
2026-05-31T13:05:58.407355,1043,420.0,"420.0,2.647738479,9.612657638,5.693132234,76.39946786,76.93669804",[DATA] H:100 A:0 Latency:20 us
2026-05-31T13:05:58.961960,1044,1038.0,"1038.0,2.555880527,11.48953876,2.023001732,88.84181917,76.85127278",[DATA] H:0 A:1 Latency:28 us
2026-05-31T13:05:59.515793,1045,1355.0,"1355.0,2.973299316,5.756596089,1.333937439,81.98810845,83.19081328",[DATA] H:100 A:0 Latency:30 us
2026-05-31T13:06:00.069657,1046,665.0,"665.0,1.576922504,6.984390505,3.534313644,75.27482771,71.59812542",[DATA] H:100 A:0 Latency:22 us
2026-05-31T13:06:00.622799,1047,978.0,"978.0,4.249260352,7.006449175,2.568841437,77.2435649,74.84216008",[DATA] H:100 A:0 Latency:17 us
2026-05-31T13:06:01.176032,1048,637.0,"637.0,3.309685156,7.602190548,1.083414771,83.92054665,82.4173253",[DATA] H:0 A:1 Latency:25 us
2026-05-31T13:06:01.731903,1049,777.0,"777.0,2.603883946,7.244382835,1.276954747,77.24595429,79.07750887",[DATA] H:100 A:0 Latency:20 us
2026-05-31T13:06:02.287728,1050,676.0,"676.0,2.420835251,3.384473044,1.171747486,85.09481754,89.83973191",[DATA] H:0 A:1 Latency:29 us
2026-05-31T13:06:02.842691,1051,1035.0,"1035.0,3.234396192,4.813665766,3.937855267,75.92559033,72.50785762",[DATA] H:100 A:0 Latency:23 us
2026-05-31T13:06:03.397087,1052,1397.0,"1397.0,2.888932844,1.845863668,1.371127888,77.66123218,75.50268697",[DATA] H:100 A:0 Latency:13 us
2026-05-31T13:06:03.950064,1053,466.0,"466.0,1.991835248,2.166896849,1.882732908,79.60064578,80.43735511",[DATA] H:0 A:1 Latency:17 us
2026-05-31T13:06:04.503750,1054,844.0,"844.0,4.382313561,14.19708747,1.573339541,77.40453117,87.94606958",[DATA] H:100 A:0 Latency:22 us
2026-05-31T13:06:05.060034,1055,1016.0,"1016.0,3.390861465,4.929353568,3.026022776,81.50337756,85.19262474",[DATA] H:0 A:1 Latency:31 us
2026-05-31T13:06:05.615039,1056,928.0,"928.0,3.239772343,6.724460752,2.42042363,76.70439921,71.85093183",[DATA] H:100 A:0 Latency:20 us
2026-05-31T13:06:06.169611,1057,618.0,"618.0,3.935324909,4.043221041,2.915447402,76.88194144,80.39801872",[DATA] H:100 A:0 Latency:13 us
2026-05-31T13:06:06.724642,1058,546.0,"546.0,3.136610311,5.088782608,1.412384843,75.46180315,70.61453027",[DATA] H:100 A:0 Latency:16 us
2026-05-31T13:06:07.278431,1059,547.0,"547.0,2.0723897,7.474661945,2.701857681,75.68277281,86.63223147",[DATA] H:100 A:0 Latency:20 us
2026-05-31T13:06:07.832707,1060,1152.0,"1152.0,3.182151851,8.39592849,1.728605886,76.4585272,80.42958417",[DATA] H:100 A:0 Latency:23 us
2026-05-31T13:06:08.388105,1061,787.0,"787.0,2.654976025,5.743799823,4.119376902,74.65606226,85.16315666",[DATA] H:100 A:0 Latency:22 us
2026-05-31T13:06:08.942714,1062,394.0,"394.0,5.046976309,4.780149587,1.10885257,75.7769797,82.65763167",[DATA] H:100 A:0 Latency:17 us
2026-05-31T13:06:09.497268,1063,1176.0,"1176.0,3.291520802,1.400143499,2.228626486,76.39406042,88.63440372",[DATA] H:100 A:0 Latency:23 us
2026-05-31T13:06:10.052618,1064,940.0,"940.0,4.254503736,5.614647497,3.207414843,85.64153235,74.18359505",[DATA] H:100 A:0 Latency:26 us
2026-05-31T13:06:10.607122,1065,607.0,"607.0,4.832130364,10.61340412,1.054574635,76.40929886,87.71565081",[DATA] H:100 A:0 Latency:25 us
2026-05-31T13:06:11.162033,1066,1131.0,"1131.0,2.381711601,3.722171718,2.567173166,82.87728579,84.78013048",[DATA] H:100 A:0 Latency:25 us
2026-05-31T13:06:11.717280,1067,620.0,"620.0,3.501369891,6.664428341,1.536553562,73.42077555,68.81421262",[DATA] H:100 A:0 Latency:24 us
2026-05-31T13:06:12.272951,1068,706.0,"706.0,3.563258855,6.090238238,1.273747021,78.23362709,90.76542891",[DATA] H:0 A:1 Latency:22 us
2026-05-31T13:06:12.826776,1069,635.0,"635.0,2.797070639,4.490086124,1.551111048,76.91609054,67.32708855",[DATA] H:100 A:0 Latency:17 us
2026-05-31T13:06:13.380994,1070,594.0,"594.0,3.016445374,4.344494499,1.998046997,76.85046416,82.46602937",[DATA] H:100 A:0 Latency:11 us
2026-05-31T13:06:13.935229,1071,524.0,"524.0,2.253874024,6.135811025,1.936594464,76.15326022,73.99473257",[DATA] H:100 A:0 Latency:19 us
2026-05-31T13:06:14.490454,1072,846.0,"846.0,2.552779804,6.812005703,1.830777745,80.14868948,74.92290652",[DATA] H:100 A:0 Latency:20 us
2026-05-31T13:06:15.044086,1073,361.0,"361.0,2.030473504,4.889354899,2.57075947,76.82641853,88.10089892",[DATA] H:100 A:0 Latency:20 us
2026-05-31T13:06:15.599609,1074,132.0,"132.0,2.062610913,5.912451937,3.208835096,77.52278057,74.86194985",[DATA] H:100 A:0 Latency:20 us
2026-05-31T13:06:16.155372,1075,922.0,"922.0,3.657809539,8.462006886,1.103165568,76.62388032,86.69018853",[DATA] H:100 A:0 Latency:20 us
2026-05-31T13:06:16.710097,1076,664.0,"664.0,3.500933111,11.462048,5.114797802,76.46998189,87.04367883",[DATA] H:100 A:0 Latency:24 us
2026-05-31T13:06:17.265496,1077,855.0,"855.0,2.710765481,4.274088866,4.786943692,77.53253882,82.27758462",[DATA] H:100 A:0 Latency:21 us
2026-05-31T13:06:17.819055,1078,431.0,"431.0,2.61272062,4.876991672,1.679954172,77.2223354,69.02575059",[DATA] H:100 A:0 Latency:14 us
2026-05-31T13:06:18.375014,1079,632.0,"632.0,4.414195206,4.205140646,1.507452382,77.05870624,71.62027123",[DATA] H:100 A:0 Latency:13 us
2026-05-31T13:06:18.930838,1080,713.0,"713.0,2.799616737,4.007617736,2.517693346,77.83570895,84.50339622",[DATA] H:100 A:0 Latency:15 us
2026-05-31T13:06:19.486632,1081,617.0,"617.0,3.263891739,5.60374204,3.458820713,74.26438001,75.95264013",[DATA] H:100 A:0 Latency:18 us
2026-05-31T13:06:20.041033,1082,579.0,"579.0,2.392639446,0.748400948,2.09501456,83.29229843,78.73876994",[DATA] H:0 A:1 Latency:19 us
2026-05-31T13:06:20.595268,1083,1131.0,"1131.0,3.509117705,8.612997418,2.26742627,75.64678377,73.91408375",[DATA] H:100 A:0 Latency:19 us
2026-05-31T13:06:21.150027,1084,865.0,"865.0,1.970491139,11.21685481,1.705595182,75.8308898,72.31450639",[DATA] H:100 A:0 Latency:15 us
2026-05-31T13:06:21.703817,1085,634.0,"634.0,3.69659332,5.275128763,2.737650277,76.05146041,74.1452398",[DATA] H:100 A:0 Latency:20 us
2026-05-31T13:06:22.257908,1086,741.0,"741.0,2.349598782,3.554936881,2.413034819,75.53880676,89.75200939",[DATA] H:100 A:0 Latency:27 us
2026-05-31T13:06:22.812636,1087,818.0,"818.0,2.491115264,2.973450517,2.859630403,75.5169488,80.29253106",[DATA] H:100 A:0 Latency:22 us
2026-05-31T13:06:23.365761,1088,844.0,"844.0,3.167190502,4.35039275,2.5685814,77.55935922,80.12041428",[DATA] H:100 A:0 Latency:12 us
2026-05-31T13:06:23.921025,1089,825.0,"825.0,2.076628759,5.722442712,2.248595659,75.02718814,83.34319961",[DATA] H:100 A:0 Latency:18 us
2026-05-31T13:06:24.476544,1090,1224.0,"1224.0,3.663880899,8.75678267,2.060096772,75.93776193,86.11963976",[DATA] H:100 A:0 Latency:22 us
2026-05-31T13:06:25.031523,1091,614.0,"614.0,2.999913803,4.561724568,2.825595234,87.58104567,85.01963392",[DATA] H:0 A:1 Latency:37 us
2026-05-31T13:06:25.586755,1092,808.0,"808.0,2.559081772,4.75943333,1.636509026,76.08331366,68.96968386",[DATA] H:100 A:0 Latency:25 us
2026-05-31T13:06:26.142551,1093,512.0,"512.0,3.020930919,5.011083855,2.288843638,74.91088577,78.3404663",[DATA] H:100 A:0 Latency:15 us
2026-05-31T13:06:26.696034,1094,1222.0,"1222.0,2.92832012,7.848876886,2.564152336,76.08687201,76.55355558",[DATA] H:100 A:0 Latency:20 us
2026-05-31T13:06:27.251023,1095,602.0,"602.0,1.946548196,4.528127102,2.371464128,73.42405165,85.60507693",[DATA] H:100 A:0 Latency:23 us
2026-05-31T13:06:27.805342,1096,699.0,"699.0,2.626541287,6.75078423,3.759092811,74.58707305,70.83664878",[DATA] H:100 A:0 Latency:24 us
2026-05-31T13:06:28.360561,1097,778.0,"778.0,2.45616277,6.627045082,3.949883468,74.81688291,74.62669109",[DATA] H:100 A:0 Latency:19 us
2026-05-31T13:06:28.915590,1098,937.0,"937.0,4.076261798,5.362822479,3.700117116,77.86730385,69.533573",[DATA] H:100 A:0 Latency:19 us
2026-05-31T13:06:29.471502,1099,846.0,"846.0,3.972403593,4.89488608,2.167938591,78.26655021,87.76798347",[DATA] H:100 A:0 Latency:23 us
2026-05-31T13:06:30.027738,1100,831.0,"831.0,4.279838242,6.890222833,2.497613923,78.09204289,78.89655309",[DATA] H:100 A:0 Latency:20 us
2026-05-31T13:06:30.580156,1101,804.0,"804.0,2.16211479,1.341143415,1.139856851,76.79293307,73.1008782",[DATA] H:100 A:0 Latency:18 us
2026-05-31T13:06:31.133307,1102,1179.0,"1179.0,0.027070823,5.883258489,2.448413148,75.94556505,75.96037341",[DATA] H:100 A:0 Latency:14 us
2026-05-31T13:06:31.687796,1103,508.0,"508.0,3.360851647,5.734339563,2.556849164,78.52645316,81.74743965",[DATA] H:0 A:1 Latency:18 us
2026-05-31T13:06:32.241867,1104,817.0,"817.0,5.545122669,7.236678741,2.756079288,80.85682096,76.46075123",[DATA] H:100 A:0 Latency:24 us
2026-05-31T13:06:32.795774,1105,724.0,"724.0,2.588873405,7.61564557,1.879855907,85.82210261,73.54353069",[DATA] H:0 A:1 Latency:29 us
2026-05-31T13:06:33.351000,1106,739.0,"739.0,2.625784256,5.222440085,3.44265296,76.89157004,71.83980646",[DATA] H:100 A:0 Latency:22 us
2026-05-31T13:06:33.904793,1107,1016.0,"1016.0,4.193888215,2.245034761,2.350043455,75.66976983,76.2003981",[DATA] H:100 A:0 Latency:17 us
2026-05-31T13:06:34.460055,1108,972.0,"972.0,3.087469818,5.126478328,2.482814174,73.91077105,80.00100777",[DATA] H:100 A:0 Latency:17 us
2026-05-31T13:06:35.013289,1109,1056.0,"1056.0,2.822792361,5.66243853,2.89851414,76.6124242,78.1947992",[DATA] H:100 A:0 Latency:15 us
2026-05-31T13:06:35.566440,1110,803.0,"803.0,2.079326981,9.488872467,4.171311822,85.47012301,77.34054473",[DATA] H:0 A:1 Latency:23 us
2026-05-31T13:06:36.121779,1111,1428.0,"1428.0,4.647000805,3.964178159,1.38939674,73.72853273,73.53450213",[DATA] H:100 A:0 Latency:17 us
2026-05-31T13:06:36.676390,1112,628.0,"628.0,4.66188001,5.908429099,3.147780691,74.79725786,84.21640293",[DATA] H:100 A:0 Latency:18 us
2026-05-31T13:06:37.231824,1113,777.0,"777.0,2.413069009,5.055954937,1.575348103,79.98337663,75.45691939",[DATA] H:100 A:0 Latency:16 us
2026-05-31T13:06:37.785419,1114,848.0,"848.0,2.15825649,5.891241394,1.941642869,77.45062688,67.31166633",[DATA] H:100 A:0 Latency:17 us
2026-05-31T13:06:38.338531,1115,544.0,"544.0,2.383515588,5.768160766,2.455379311,77.80381137,84.19181804",[DATA] H:100 A:0 Latency:16 us
2026-05-31T13:06:38.894476,1116,502.0,"502.0,3.002667854,5.441927525,2.889043445,77.37131823,77.36527914",[DATA] H:100 A:0 Latency:18 us
2026-05-31T13:06:39.450088,1117,1128.0,"1128.0,4.153642787,7.75387574,2.931900924,75.36079709,66.44805211",[DATA] H:100 A:0 Latency:15 us
2026-05-31T13:06:40.004783,1118,1021.0,"1021.0,0.013605747,6.374758071,1.912456952,76.36057096,76.52351714",[DATA] H:100 A:0 Latency:15 us
2026-05-31T13:06:40.559701,1119,780.0,"780.0,5.137005675,6.695974984,1.904978262,79.6230289,81.3900671",[DATA] H:100 A:0 Latency:22 us
2026-05-31T13:06:41.115560,1120,673.0,"673.0,3.886638772,11.93550595,1.83962571,74.02990752,76.04605411",[DATA] H:100 A:0 Latency:21 us
2026-05-31T13:06:41.670509,1121,1108.0,"1108.0,4.447391236,12.55669715,3.26799921,75.61671385,76.54128221",[DATA] H:100 A:0 Latency:15 us
2026-05-31T13:06:42.224333,1122,808.0,"808.0,5.107287574,7.936525862,2.344706464,75.3859842,86.13212409",[DATA] H:100 A:0 Latency:24 us
2026-05-31T13:06:42.778109,1123,688.0,"688.0,4.453284959,12.15434602,1.782256366,74.83954723,84.58019369",[DATA] H:100 A:0 Latency:20 us
2026-05-31T13:06:43.334020,1124,530.0,"530.0,2.955506759,6.049657112,2.323065999,79.89172816,78.47185728",[DATA] H:0 A:1 Latency:21 us
2026-05-31T13:06:43.888227,1125,1216.0,"1216.0,2.812593791,7.57500609,2.600483045,75.56699263,88.5045251",[DATA] H:100 A:0 Latency:24 us
2026-05-31T13:06:44.444262,1126,848.0,"848.0,2.717920341,7.660404428,2.686738378,75.54615397,65.09908615",[DATA] H:100 A:0 Latency:20 us
2026-05-31T13:06:44.999293,1127,891.0,"891.0,3.795213113,4.240877466,1.674319998,76.57929159,85.4945437",[DATA] H:100 A:0 Latency:19 us
2026-05-31T13:06:45.553260,1128,413.0,"413.0,2.490913189,5.111478423,2.693905645,78.14223122,78.96691562",[DATA] H:0 A:1 Latency:21 us
2026-05-31T13:06:46.107259,1129,807.0,"807.0,1.061171529,7.218848001,2.369007825,74.01202788,79.04459151",[DATA] H:100 A:0 Latency:18 us
2026-05-31T13:06:46.662783,1130,758.0,"758.0,2.26024744,5.971341001,1.060172402,79.59335708,82.29233437",[DATA] H:0 A:1 Latency:24 us
2026-05-31T13:06:47.217902,1131,934.0,"934.0,4.440779967,12.60632405,3.19587376,74.3140495,73.45245226",[DATA] H:100 A:0 Latency:16 us
2026-05-31T13:06:47.772024,1132,847.0,"847.0,2.33233742,3.176118838,0.901138094,76.47915384,82.12387101",[DATA] H:100 A:0 Latency:17 us
2026-05-31T13:06:48.327571,1133,486.0,"486.0,3.457120642,7.016957215,3.322119895,75.39688922,74.90181557",[DATA] H:100 A:0 Latency:18 us
2026-05-31T13:06:48.881474,1134,1058.0,"1058.0,4.219675106,3.206288057,3.286139833,77.25479592,76.07869434",[DATA] H:100 A:0 Latency:18 us
2026-05-31T13:06:49.437129,1135,939.0,"939.0,3.912774308,14.28297493,3.186265625,76.05781379,73.32533647",[DATA] H:100 A:0 Latency:17 us
2026-05-31T13:06:49.992429,1136,407.0,"407.0,2.434704478,5.243765577,2.115696587,76.99595855,82.63174729",[DATA] H:100 A:0 Latency:15 us
2026-05-31T13:06:50.546984,1137,1076.0,"1076.0,2.323053603,6.168288777,0.875034978,77.42756068,86.31617632",[DATA] H:100 A:0 Latency:24 us
2026-05-31T13:06:51.102675,1138,464.0,"464.0,3.041034442,5.997240576,2.384263012,83.53446525,76.21902642",[DATA] H:0 A:1 Latency:29 us
2026-05-31T13:06:51.656395,1139,635.0,"635.0,4.940142311,5.515832971,0.992842207,76.02030875,73.75592376",[DATA] H:100 A:0 Latency:19 us
2026-05-31T13:06:52.211386,1140,1617.0,"1617.0,2.795601778,6.24941209,1.272771493,76.61872319,68.69700013",[DATA] H:100 A:0 Latency:16 us
2026-05-31T13:06:52.766081,1141,920.0,"920.0,2.955972873,6.630349597,1.452113519,76.12725306,76.83511833",[DATA] H:100 A:0 Latency:17 us
2026-05-31T13:06:53.321707,1142,818.0,"818.0,4.829899889,7.418264526,2.576915179,75.35715451,81.94795128",[DATA] H:100 A:0 Latency:15 us
2026-05-31T13:06:53.876155,1143,1036.0,"1036.0,2.705382286,5.271884435,2.63642789,82.5563159,78.88338369",[DATA] H:100 A:0 Latency:26 us
2026-05-31T13:06:54.431045,1144,809.0,"809.0,4.664444875,7.566739243,2.691795159,77.20860926,75.2562052",[DATA] H:100 A:0 Latency:20 us
2026-05-31T13:06:54.986334,1145,866.0,"866.0,4.683933445,8.391703366,4.535613645,75.92236648,81.69453356",[DATA] H:100 A:0 Latency:17 us
2026-05-31T13:06:55.547258,1146,1081.0,"1081.0,2.550060446,6.102942432,2.29118014,76.19274675,75.07762532",[DATA] H:100 A:0 Latency:15 us
2026-05-31T13:06:56.101695,1147,759.0,"759.0,1.939927856,7.007245449,1.750931448,84.55649951,76.33560263",[DATA] H:0 A:1 Latency:26 us
2026-05-31T13:06:56.656117,1148,848.0,"848.0,3.941243916,8.466223822,3.146222054,76.82625659,84.89513675",[DATA] H:100 A:0 Latency:16 us
2026-05-31T13:06:57.210034,1149,1058.0,"1058.0,5.140231259,7.151640061,1.042596362,78.14701525,80.11079944",[DATA] H:100 A:0 Latency:16 us
2026-05-31T13:06:57.763678,1150,632.0,"632.0,3.214862517,8.750560765,1.508266605,76.32695841,69.51151192",[DATA] H:100 A:0 Latency:18 us
2026-05-31T13:06:58.319080,1151,1002.0,"1002.0,2.191373243,6.664430902,5.413904346,78.29776473,78.75466931",[DATA] H:100 A:0 Latency:17 us
2026-05-31T13:06:58.872209,1152,995.0,"995.0,2.596543403,6.257038878,1.595747128,74.77639652,74.37607603",[DATA] H:100 A:0 Latency:17 us
2026-05-31T13:06:59.426840,1153,388.0,"388.0,3.031357364,7.770303303,2.937207441,76.55025017,77.87662873",[DATA] H:100 A:0 Latency:19 us
2026-05-31T13:06:59.980120,1154,829.0,"829.0,2.452694857,6.15967274,5.069119879,75.44964405,77.05701394",[DATA] H:100 A:0 Latency:15 us
2026-05-31T13:07:00.533318,1155,963.0,"963.0,4.442204133,4.201034097,1.136901255,74.99665268,75.43544352",[DATA] H:100 A:0 Latency:17 us
2026-05-31T13:07:01.086810,1156,685.0,"685.0,3.070260793,6.378319649,1.587727483,78.09638767,70.06416572",[DATA] H:100 A:0 Latency:19 us
2026-05-31T13:07:01.641438,1157,569.0,"569.0,3.179778481,4.325002033,2.044091348,76.38671415,72.96272681",[DATA] H:100 A:0 Latency:15 us
2026-05-31T13:07:02.195230,1158,388.0,"388.0,3.684501789,8.415967143,2.699901985,81.18378222,65.50763425",[DATA] H:0 A:1 Latency:20 us
2026-05-31T13:07:02.748968,1159,1398.0,"1398.0,4.826571267,3.942889777,2.193686229,75.38408389,91.11211978",[DATA] H:100 A:0 Latency:26 us
2026-05-31T13:07:03.303676,1160,961.0,"961.0,1.400929853,2.956530563,1.647114952,77.18263734,88.89070687",[DATA] H:100 A:0 Latency:29 us
2026-05-31T13:07:03.857233,1161,648.0,"648.0,1.9673167,9.894670877,1.537685877,75.59701378,84.97638145",[DATA] H:100 A:0 Latency:23 us
2026-05-31T13:07:04.413169,1162,1439.0,"1439.0,2.730457985,3.557814517,1.65130648,77.55355179,77.88730494",[DATA] H:100 A:0 Latency:17 us
2026-05-31T13:07:04.966654,1163,717.0,"717.0,3.425691258,4.028493687,2.244890534,76.66769853,82.0775328",[DATA] H:100 A:0 Latency:14 us
2026-05-31T13:07:05.519877,1164,391.0,"391.0,3.06104131,4.512028177,3.695035377,75.46904987,70.92180542",[DATA] H:100 A:0 Latency:13 us
2026-05-31T13:07:06.074807,1165,860.0,"860.0,2.59920121,5.488111196,2.028029055,75.49162964,80.6445561",[DATA] H:100 A:0 Latency:18 us
2026-05-31T13:07:06.629502,1166,817.0,"817.0,2.289048234,5.456375472,1.814766355,74.46806221,84.80451113",[DATA] H:100 A:0 Latency:15 us
2026-05-31T13:07:07.182586,1167,587.0,"587.0,3.332199117,6.977224812,2.560045714,77.59274423,83.55295863",[DATA] H:100 A:0 Latency:19 us
2026-05-31T13:07:07.736942,1168,953.0,"953.0,3.606891492,9.338396509,4.199458644,74.48014276,68.44610032",[DATA] H:100 A:0 Latency:15 us
2026-05-31T13:07:08.290579,1169,429.0,"429.0,4.263867217,12.20058012,2.769240025,87.37306086,90.01658306",[DATA] H:0 A:1 Latency:31 us
2026-05-31T13:07:08.844243,1170,521.0,"521.0,5.184336341,8.454199937,1.56120667,77.56226305,79.15457251",[DATA] H:100 A:0 Latency:26 us
2026-05-31T13:07:09.399796,1171,626.0,"626.0,2.495591234,3.503677551,1.189211162,76.95753616,73.51983626",[DATA] H:100 A:0 Latency:12 us
2026-05-31T13:07:09.953186,1172,697.0,"697.0,4.586139942,5.980066207,1.411176363,76.48292603,79.62608806",[DATA] H:100 A:0 Latency:19 us
2026-05-31T13:07:10.509015,1173,1131.0,"1131.0,2.511985321,7.093396841,2.157507023,83.94272033,76.85802638",[DATA] H:100 A:0 Latency:21 us
2026-05-31T13:07:11.062339,1174,762.0,"762.0,3.407086649,6.768161239,4.928431815,76.72167169,82.99785172",[DATA] H:100 A:0 Latency:22 us
2026-05-31T13:07:11.616655,1175,610.0,"610.0,4.497759072,9.97742777,1.886269766,75.36630519,70.15447657",[DATA] H:100 A:0 Latency:19 us
2026-05-31T13:07:12.170726,1176,516.0,"516.0,2.866640914,7.086613096,2.567837346,76.57681604,73.88045852",[DATA] H:100 A:0 Latency:20 us
2026-05-31T13:07:12.727596,1177,1006.0,"1006.0,3.224095811,4.3111514,1.685871531,76.33574658,86.33260402",[DATA] H:100 A:0 Latency:19 us
2026-05-31T13:07:13.282649,1178,660.0,"660.0,4.530034784,4.169975969,2.241745241,74.23490602,75.762029",[DATA] H:100 A:0 Latency:17 us
2026-05-31T13:07:13.836524,1179,882.0,"882.0,4.442499944,12.54677803,4.786358077,76.8262946,68.21498467",[DATA] H:100 A:0 Latency:17 us
2026-05-31T13:07:14.390811,1180,851.0,"851.0,2.190654535,15.02987013,2.972032681,83.60592852,84.0168791",[DATA] H:0 A:1 Latency:24 us
2026-05-31T13:07:14.944915,1181,548.0,"548.0,2.680608772,7.218202945,1.298954024,76.33802968,70.34392091",[DATA] H:100 A:0 Latency:18 us
2026-05-31T13:07:15.499896,1182,510.0,"510.0,4.108830192,8.657530133,3.649540512,74.74641489,75.51691322",[DATA] H:100 A:0 Latency:19 us
2026-05-31T13:07:16.053545,1183,629.0,"629.0,3.477679621,9.089217817,1.506918768,74.10053126,77.23419249",[DATA] H:100 A:0 Latency:17 us
2026-05-31T13:07:16.609030,1184,735.0,"735.0,3.258042028,4.983441799,1.633490275,87.95218535,73.23470804",[DATA] H:0 A:1 Latency:31 us
2026-05-31T13:07:17.163140,1185,586.0,"586.0,3.17119972,6.422134688,1.704380162,77.49291953,80.72852042",[DATA] H:100 A:0 Latency:24 us
2026-05-31T13:07:17.718490,1186,420.0,"420.0,2.838237312,7.012761137,3.02077921,79.85529957,82.9789928",[DATA] H:0 A:1 Latency:21 us
2026-05-31T13:07:18.272955,1187,639.0,"639.0,5.5326067,7.710376131,2.824269175,75.28909051,81.28845091",[DATA] H:100 A:0 Latency:20 us
2026-05-31T13:07:18.827651,1188,1248.0,"1248.0,3.212872427,8.139220871,1.582550889,85.0378977,86.02299079",[DATA] H:0 A:1 Latency:30 us
2026-05-31T13:07:19.383369,1189,768.0,"768.0,2.964858184,5.398928719,2.203203082,75.2851643,93.73494479",[DATA] H:100 A:0 Latency:30 us
2026-05-31T13:07:19.937576,1190,573.0,"573.0,5.372805598,4.792874121,1.10002419,76.4160639,78.87970327",[DATA] H:100 A:0 Latency:20 us
2026-05-31T13:07:20.493723,1191,616.0,"616.0,4.858363672,4.415122508,2.707358721,77.0420912,74.42705757",[DATA] H:100 A:0 Latency:11 us
2026-05-31T13:07:21.048119,1192,959.0,"959.0,2.770651603,7.237040644,1.823363283,78.01749873,83.76913824",[DATA] H:100 A:0 Latency:19 us
2026-05-31T13:07:21.603717,1193,974.0,"974.0,4.381400495,5.454701479,1.851090078,77.5158201,78.65826224",[DATA] H:100 A:0 Latency:16 us
2026-05-31T13:07:22.157534,1194,891.0,"891.0,2.372316746,4.372395714,3.750381777,81.72678002,81.87966617",[DATA] H:100 A:0 Latency:20 us
2026-05-31T13:07:22.711618,1195,498.0,"498.0,3.445894981,7.669567437,5.147237485,73.67183151,74.21763324",[DATA] H:100 A:0 Latency:19 us
2026-05-31T13:07:23.266525,1196,720.0,"720.0,2.226944077,5.679719459,2.089678461,77.32597054,80.5547905",[DATA] H:100 A:0 Latency:19 us
2026-05-31T13:07:23.820187,1197,676.0,"676.0,2.534531417,7.868853097,4.207844721,76.69472486,79.03118388",[DATA] H:100 A:0 Latency:19 us
2026-05-31T13:07:24.374808,1198,978.0,"978.0,5.319276358,6.544275483,1.282774452,77.5021973,83.38128413",[DATA] H:100 A:0 Latency:19 us
2026-05-31T13:07:24.930270,1199,1043.0,"1043.0,2.751453771,5.115484529,1.313696361,74.46175489,73.34888501",[DATA] H:100 A:0 Latency:16 us
2026-05-31T13:07:25.484403,1200,926.0,"926.0,4.620791458,5.863661502,4.65253869,77.71247247,75.1637723",[DATA] H:100 A:0 Latency:17 us
2026-05-31T13:07:26.038555,1201,534.0,"534.0,2.623463401,4.131335912,3.578296239,75.59233166,70.18303176",[DATA] H:100 A:0 Latency:14 us
2026-05-31T13:07:26.593510,1202,1198.0,"1198.0,3.452937812,7.820447867,1.896276284,82.82853441,80.8627767",[DATA] H:100 A:0 Latency:25 us
2026-05-31T13:07:27.146960,1203,829.0,"829.0,3.273804391,4.581891734,6.1356653,74.15091286,74.13745519",[DATA] H:100 A:0 Latency:21 us
2026-05-31T13:07:27.701310,1204,637.0,"637.0,4.003292972,6.70583897,2.736533391,78.47692281,77.46652557",[DATA] H:100 A:0 Latency:19 us
2026-05-31T13:07:28.255907,1205,1108.0,"1108.0,2.997912974,7.538685137,0.94797447,77.52158724,72.53824309",[DATA] H:100 A:0 Latency:16 us
2026-05-31T13:07:28.811558,1206,831.0,"831.0,2.749964342,5.335860989,2.577410371,76.0793511,82.42687512",[DATA] H:100 A:0 Latency:17 us
2026-05-31T13:07:29.365317,1207,1142.0,"1142.0,4.37781723,4.645567353,2.012640287,76.57706938,84.55616317",[DATA] H:100 A:0 Latency:16 us
2026-05-31T13:07:29.919941,1208,1144.0,"1144.0,2.226850463,6.327707475,2.522136609,74.14444633,73.58305638",[DATA] H:100 A:0 Latency:17 us
2026-05-31T13:07:30.475113,1209,681.0,"681.0,3.109804058,1.846237277,4.943831616,77.86480066,77.7332631",[DATA] H:100 A:0 Latency:14 us
2026-05-31T13:07:31.028381,1210,501.0,"501.0,2.377262592,9.890951669,3.045902607,76.70601843,74.78513808",[DATA] H:100 A:0 Latency:19 us
2026-05-31T13:07:31.583180,1211,437.0,"437.0,3.153142068,7.875027062,2.2327425,76.80890069,91.38400787",[DATA] H:100 A:0 Latency:19 us
2026-05-31T13:07:32.137127,1212,1092.0,"1092.0,3.306644752,6.706405382,1.836094944,79.3551486,76.92668083",[DATA] H:100 A:0 Latency:23 us
2026-05-31T13:07:32.690793,1213,798.0,"798.0,2.60275552,4.378715332,2.353641457,76.21618768,80.30637079",[DATA] H:100 A:0 Latency:17 us
2026-05-31T13:07:33.244649,1214,1553.0,"1553.0,3.404830209,5.522277242,3.652321623,77.01510992,71.56307277",[DATA] H:100 A:0 Latency:17 us
2026-05-31T13:07:33.800240,1215,839.0,"839.0,2.162184691,13.96532201,1.939898098,76.04485302,67.89961967",[DATA] H:100 A:0 Latency:18 us
2026-05-31T13:07:34.356591,1216,1529.0,"1529.0,5.47161256,12.45347497,1.83237279,75.78208897,90.02121881",[DATA] H:100 A:0 Latency:19 us
2026-05-31T13:07:34.912627,1217,784.0,"784.0,3.513723683,3.383128767,1.725661279,77.58951484,71.27115643",[DATA] H:100 A:0 Latency:20 us
2026-05-31T13:07:35.467568,1218,1325.0,"1325.0,2.035611271,5.528491407,2.468867787,74.42459733,79.81905747",[DATA] H:100 A:0 Latency:15 us
2026-05-31T13:07:36.024055,1219,1272.0,"1272.0,3.79691635,6.709361857,3.505562723,73.11159472,83.2835099",[DATA] H:100 A:0 Latency:18 us
2026-05-31T13:07:36.578625,1220,574.0,"574.0,1.96926281,5.977093767,4.511232122,84.9383315,83.55302512",[DATA] H:0 A:1 Latency:26 us
2026-05-31T13:07:37.133994,1221,1198.0,"1198.0,2.147970029,7.341662211,1.514591877,77.74581124,88.64580402",[DATA] H:100 A:0 Latency:23 us
2026-05-31T13:07:37.687941,1222,682.0,"682.0,3.307155302,6.4560822,1.200222036,77.52204293,74.62937115",[DATA] H:100 A:0 Latency:21 us
2026-05-31T13:07:38.243763,1223,443.0,"443.0,4.013090627,6.347962027,1.707743519,76.75278814,75.81877971",[DATA] H:100 A:0 Latency:20 us
2026-05-31T13:07:38.799732,1224,647.0,"647.0,5.129979003,9.633408082,2.329322185,72.74224465,79.97505795",[DATA] H:100 A:0 Latency:18 us
2026-05-31T13:07:39.354798,1225,903.0,"903.0,3.723697134,6.053633529,5.17089953,76.74712098,85.27260361",[DATA] H:100 A:0 Latency:22 us
2026-05-31T13:07:39.908792,1226,762.0,"762.0,3.45333361,5.668166157,3.060665157,75.67074153,80.75997253",[DATA] H:100 A:0 Latency:20 us
2026-05-31T13:07:40.464323,1227,589.0,"589.0,2.220802326,4.943907218,3.087861432,75.10201192,77.51471062",[DATA] H:100 A:0 Latency:14 us
2026-05-31T13:07:41.018424,1228,880.0,"880.0,2.994848877,6.823714677,1.510347476,76.25236778,86.93991173",[DATA] H:100 A:0 Latency:23 us
2026-05-31T13:07:41.572668,1229,663.0,"663.0,2.755935051,10.68859544,1.644074214,75.83073461,73.89142117",[DATA] H:100 A:0 Latency:24 us
2026-05-31T13:07:42.128555,1230,478.0,"478.0,2.27669318,6.008762329,2.15865393,75.86793653,80.61700233",[DATA] H:100 A:0 Latency:18 us
2026-05-31T13:07:42.680949,1231,640.0,"640.0,3.114722776,13.86888155,1.518348204,82.08424025,82.03655725",[DATA] H:0 A:1 Latency:24 us
2026-05-31T13:07:43.235492,1232,932.0,"932.0,2.373686992,4.454108443,2.709612986,85.85957569,78.47687521",[DATA] H:100 A:0 Latency:25 us
2026-05-31T13:07:43.790613,1233,732.0,"732.0,2.813934345,5.700690079,2.193666492,79.85118526,74.27489903",[DATA] H:100 A:0 Latency:20 us
2026-05-31T13:07:44.343935,1234,578.0,"578.0,2.651060248,7.022458485,4.438837617,76.79407396,77.4933812",[DATA] H:100 A:0 Latency:18 us
2026-05-31T13:07:44.897627,1235,796.0,"796.0,4.487398054,9.80777969,3.377157983,73.5134379,69.68589425",[DATA] H:100 A:0 Latency:19 us
2026-05-31T13:07:45.451887,1236,978.0,"978.0,3.939175072,6.265849617,1.271193294,77.34349089,67.96563235",[DATA] H:100 A:0 Latency:15 us
2026-05-31T13:07:46.007328,1237,551.0,"551.0,3.067355315,7.883294167,3.913953039,75.8716245,75.14791579",[DATA] H:100 A:0 Latency:19 us
2026-05-31T13:07:46.562475,1238,851.0,"851.0,3.078456715,12.74429434,2.522439676,78.78679162,81.43890933",[DATA] H:100 A:0 Latency:15 us
2026-05-31T13:07:47.117270,1239,984.0,"984.0,3.139744045,7.444061132,5.721613058,78.57750211,84.84603487",[DATA] H:100 A:0 Latency:17 us
2026-05-31T13:07:47.673082,1240,388.0,"388.0,2.850905376,6.263801715,2.042257117,75.56148093,74.96998004",[DATA] H:100 A:0 Latency:18 us
2026-05-31T13:07:48.228716,1241,491.0,"491.0,4.83502919,4.401501122,2.275542201,77.09721118,77.332355",[DATA] H:100 A:0 Latency:14 us
2026-05-31T13:07:48.784099,1242,561.0,"561.0,3.870979136,5.620912003,1.643562166,76.8557264,76.21924468",[DATA] H:100 A:0 Latency:15 us
2026-05-31T13:07:49.338012,1243,663.0,"663.0,5.478452182,7.052038377,1.227311003,75.43200268,75.04337812",[DATA] H:100 A:0 Latency:20 us
2026-05-31T13:07:49.892390,1244,1306.0,"1306.0,4.935560776,5.131644538,1.921882419,77.32918694,83.86799904",[DATA] H:100 A:0 Latency:15 us
2026-05-31T13:07:50.447248,1245,1173.0,"1173.0,4.212549806,5.677087111,2.770051836,77.21743208,88.28786491",[DATA] H:100 A:0 Latency:23 us
2026-05-31T13:07:51.001428,1246,750.0,"750.0,4.207832374,5.771060274,1.145841435,76.91911807,75.7122308",[DATA] H:100 A:0 Latency:20 us
2026-05-31T13:07:51.555733,1247,1438.0,"1438.0,1.590114386,7.421382911,2.534361667,77.24992633,84.20114847",[DATA] H:100 A:0 Latency:19 us
2026-05-31T13:07:52.109780,1248,796.0,"796.0,1.998627352,7.135446708,1.613359943,75.34731779,68.80132318",[DATA] H:100 A:0 Latency:15 us
2026-05-31T13:07:52.662856,1249,429.0,"429.0,2.605518488,11.39798288,2.644227896,76.13209131,83.70553265",[DATA] H:100 A:0 Latency:20 us
2026-05-31T13:07:53.216620,1250,1431.0,"1431.0,2.703179355,6.582875628,1.193659052,77.51367773,81.94175456",[DATA] H:100 A:0 Latency:16 us
2026-05-31T13:07:53.772100,1251,682.0,"682.0,1.876650322,6.251282186,1.578232647,82.26438714,78.37473041",[DATA] H:0 A:1 Latency:27 us
2026-05-31T13:07:54.327153,1252,472.0,"472.0,2.059125938,3.242522982,1.384566419,78.50402854,84.82832283",[DATA] H:0 A:1 Latency:17 us
2026-05-31T13:07:54.882846,1253,2047.0,"2047.0,4.176120107,6.366312325,2.191768067,75.34904224,80.551684",[DATA] H:100 A:0 Latency:18 us
2026-05-31T13:07:55.436434,1254,790.0,"790.0,1.857773801,4.580053375,2.821036626,76.31813895,88.03699539",[DATA] H:100 A:0 Latency:25 us
2026-05-31T13:07:55.990553,1255,1275.0,"1275.0,2.727497013,8.206415412,2.083186261,80.8041333,67.47457766",[DATA] H:100 A:0 Latency:24 us
2026-05-31T13:07:56.545928,1256,910.0,"910.0,2.105409551,5.381184631,1.714422163,75.47991941,79.92753009",[DATA] H:100 A:0 Latency:19 us
2026-05-31T13:07:57.100166,1257,1349.0,"1349.0,2.611412646,0.353161674,5.112238267,76.65548154,81.68879974",[DATA] H:100 A:0 Latency:16 us
2026-05-31T13:07:57.654748,1258,1582.0,"1582.0,4.634464891,4.70852729,2.100021266,82.74350721,81.43739325",[DATA] H:100 A:0 Latency:22 us
2026-05-31T13:07:58.209334,1259,1204.0,"1204.0,1.912155585,6.9167173,1.535765367,74.31386158,76.74339773",[DATA] H:100 A:0 Latency:19 us
2026-05-31T13:07:58.764611,1260,395.0,"395.0,2.418650104,4.976541911,2.613254527,76.92533995,86.84067164",[DATA] H:100 A:0 Latency:19 us
2026-05-31T13:07:59.318621,1261,535.0,"535.0,3.693114674,13.81543548,1.607639058,85.46946296,68.71854838",[DATA] H:0 A:1 Latency:32 us
2026-05-31T13:07:59.872070,1262,532.0,"532.0,3.605828852,7.019269835,2.82522762,81.24618814,71.0350549",[DATA] H:0 A:1 Latency:25 us
2026-05-31T13:08:00.425642,1263,632.0,"632.0,3.263122809,6.358561454,2.314710919,81.13570881,86.54805225",[DATA] H:0 A:1 Latency:23 us
2026-05-31T13:08:00.980351,1264,627.0,"627.0,4.219392694,5.266725582,3.047956518,74.08934443,80.01933106",[DATA] H:100 A:0 Latency:22 us
2026-05-31T13:08:01.535793,1265,928.0,"928.0,3.001053287,7.215434438,1.671883476,78.28039403,74.4112942",[DATA] H:100 A:0 Latency:16 us
2026-05-31T13:08:02.090327,1266,525.0,"525.0,2.172241447,7.166854603,2.731881516,75.92298695,90.87070133",[DATA] H:100 A:0 Latency:21 us
2026-05-31T13:08:02.643750,1267,506.0,"506.0,2.146162794,12.21998436,3.140254791,74.21826238,73.94778585",[DATA] H:100 A:0 Latency:22 us
2026-05-31T13:08:03.198436,1268,814.0,"814.0,3.683447136,6.41195563,2.492521891,76.63503948,86.13871919",[DATA] H:100 A:0 Latency:20 us
2026-05-31T13:08:03.754081,1269,532.0,"532.0,3.266021992,4.587724397,2.897741934,75.91971108,76.68147486",[DATA] H:100 A:0 Latency:17 us
2026-05-31T13:08:04.308281,1270,558.0,"558.0,4.37368089,1.339044462,3.218015015,85.35539871,76.62396471",[DATA] H:0 A:1 Latency:23 us
2026-05-31T13:08:04.862735,1271,1565.0,"1565.0,2.115711168,8.582130861,2.761805637,74.80527629,76.99266616",[DATA] H:100 A:0 Latency:19 us
2026-05-31T13:08:05.416915,1272,1313.0,"1313.0,2.405597891,6.145576474,2.800272639,77.78427224,72.19888684",[DATA] H:100 A:0 Latency:18 us
2026-05-31T13:08:05.971719,1273,634.0,"634.0,3.505142465,7.167420637,2.440673431,78.11832967,80.72046311",[DATA] H:100 A:0 Latency:18 us
2026-05-31T13:08:06.526552,1274,641.0,"641.0,2.83543264,5.878262074,2.989260644,76.58897726,75.47879447",[DATA] H:100 A:0 Latency:21 us
2026-05-31T13:08:07.081079,1275,1094.0,"1094.0,3.310763379,6.015329752,1.104949617,76.06462805,67.4870418",[DATA] H:100 A:0 Latency:15 us
2026-05-31T13:08:07.636314,1276,1273.0,"1273.0,5.568690205,7.398678967,3.908700106,77.05960678,76.47163308",[DATA] H:100 A:0 Latency:18 us
2026-05-31T13:08:08.190520,1277,1158.0,"1158.0,3.54273596,3.938517294,2.384490925,76.49047304,70.22883945",[DATA] H:100 A:0 Latency:17 us
2026-05-31T13:08:08.746377,1278,479.0,"479.0,2.200242703,3.764891579,2.079533176,76.73000019,83.52815043",[DATA] H:100 A:0 Latency:14 us
2026-05-31T13:08:09.301684,1279,785.0,"785.0,3.177685953,4.680747645,3.186170081,77.87141555,85.69080588",[DATA] H:100 A:0 Latency:19 us
2026-05-31T13:08:09.856529,1280,671.0,"671.0,2.55698725,5.978210956,2.396554913,76.08355908,83.64859202",[DATA] H:100 A:0 Latency:20 us
2026-05-31T13:08:10.411768,1281,1485.0,"1485.0,2.50106794,6.527142127,1.095644107,76.44462282,68.74173502",[DATA] H:100 A:0 Latency:16 us
2026-05-31T13:08:10.965985,1282,955.0,"955.0,3.386475076,3.375796264,2.620816782,75.63432127,79.66084751",[DATA] H:100 A:0 Latency:17 us
2026-05-31T13:08:11.520805,1283,888.0,"888.0,2.730930078,8.300949284,2.821137349,76.89750557,78.83394414",[DATA] H:100 A:0 Latency:15 us
2026-05-31T13:08:12.076164,1284,915.0,"915.0,5.080410864,5.748185734,1.800220729,75.68204858,81.81915389",[DATA] H:100 A:0 Latency:18 us
2026-05-31T13:08:12.629555,1285,1361.0,"1361.0,2.011602963,5.062784432,2.54799831,76.69436176,72.79797845",[DATA] H:100 A:0 Latency:15 us
2026-05-31T13:08:13.183786,1286,1020.0,"1020.0,2.619167443,18.49833096,2.808808217,75.82772764,92.50527972",[DATA] H:100 A:0 Latency:23 us
2026-05-31T13:08:13.739328,1287,662.0,"662.0,3.461983262,5.72981489,1.341469263,75.31118999,72.26923341",[DATA] H:100 A:0 Latency:21 us
2026-05-31T13:08:14.295271,1288,750.0,"750.0,4.698260321,9.071973006,1.448928108,75.25294154,74.25205578",[DATA] H:100 A:0 Latency:19 us
2026-05-31T13:08:14.851028,1289,589.0,"589.0,2.140324671,2.338276608,1.949874291,76.34656874,87.82374609",[DATA] H:100 A:0 Latency:26 us
2026-05-31T13:08:15.405878,1290,854.0,"854.0,1.089758382,9.662884676,2.145926541,76.34789267,80.92416919",[DATA] H:100 A:0 Latency:20 us
2026-05-31T13:08:15.961014,1291,1026.0,"1026.0,4.222343765,7.79102944,5.788750354,76.05323789,82.98691769",[DATA] H:100 A:0 Latency:16 us
2026-05-31T13:08:16.516599,1292,948.0,"948.0,3.341450684,11.20016405,3.700814558,76.26349387,72.59605315",[DATA] H:100 A:0 Latency:17 us
2026-05-31T13:08:17.072619,1293,776.0,"776.0,2.721159166,8.609125638,1.24917042,76.93412509,73.07679156",[DATA] H:100 A:0 Latency:21 us
2026-05-31T13:08:17.628693,1294,652.0,"652.0,4.007511393,8.458335735,3.084264417,77.72462648,79.18645735",[DATA] H:100 A:0 Latency:19 us
2026-05-31T13:08:18.183809,1295,1184.0,"1184.0,3.051664033,6.511781209,4.790147221,77.00550694,80.89515321",[DATA] H:100 A:0 Latency:18 us
2026-05-31T13:08:18.737269,1296,583.0,"583.0,2.63507325,15.98042471,1.76748412,76.93066225,77.73720633",[DATA] H:100 A:0 Latency:17 us
2026-05-31T13:08:19.290881,1297,600.0,"600.0,4.874576621,7.701993673,2.288052939,76.65047348,87.88207796",[DATA] H:100 A:0 Latency:22 us
2026-05-31T13:08:19.844259,1298,537.0,"537.0,2.64525754,3.298530384,1.204778064,75.66542927,73.8714193",[DATA] H:100 A:0 Latency:18 us
2026-05-31T13:08:20.397777,1299,606.0,"606.0,4.048716432,5.02783001,2.216027126,77.11100965,80.64245368",[DATA] H:100 A:0 Latency:19 us
2026-05-31T13:08:20.952110,1300,1056.0,"1056.0,3.107051464,5.73885711,1.808997045,75.41085684,74.33042207",[DATA] H:100 A:0 Latency:15 us
2026-05-31T13:08:21.507199,1301,744.0,"744.0,2.979526898,4.574642191,3.015427019,88.45855546,74.10675213",[DATA] H:0 A:1 Latency:28 us
2026-05-31T13:08:22.060813,1302,583.0,"583.0,2.412306432,3.863121065,3.378176218,77.03379082,84.12407214",[DATA] H:100 A:0 Latency:18 us
2026-05-31T13:08:22.614041,1303,1104.0,"1104.0,3.924181388,7.442168654,3.118900912,76.88900666,65.9858253",[DATA] H:100 A:0 Latency:19 us
2026-05-31T13:08:23.166522,1304,821.0,"821.0,3.571877705,9.759042967,1.529008172,76.73595121,80.60831674",[DATA] H:100 A:0 Latency:15 us
2026-05-31T13:08:23.719891,1305,548.0,"548.0,2.229283306,11.45165841,2.378596547,74.88505795,77.87726964",[DATA] H:100 A:0 Latency:19 us
2026-05-31T13:08:24.274211,1306,692.0,"692.0,2.266706636,6.616124833,1.776928324,77.50835698,81.25927951",[DATA] H:100 A:0 Latency:17 us
2026-05-31T13:08:24.827677,1307,855.0,"855.0,2.570889985,6.345438751,1.710409914,77.32681101,76.97560485",[DATA] H:100 A:0 Latency:18 us
2026-05-31T13:08:25.381945,1308,794.0,"794.0,3.85638916,4.379954267,2.557801504,75.62462432,72.3773416",[DATA] H:100 A:0 Latency:17 us
2026-05-31T13:08:25.937596,1309,361.0,"361.0,1.92315261,10.39449363,2.557485356,84.98298022,72.70945132",[DATA] H:0 A:1 Latency:23 us
2026-05-31T13:08:26.490411,1310,684.0,"684.0,2.503026319,4.921350931,4.975580106,86.64417104,75.67532486",[DATA] H:0 A:1 Latency:29 us
2026-05-31T13:08:27.044839,1311,423.0,"423.0,2.557825141,7.252297798,1.771907694,76.47844892,86.26879307",[DATA] H:100 A:0 Latency:25 us
2026-05-31T13:08:27.598130,1312,681.0,"681.0,2.851554518,5.195234126,1.188210189,76.84781987,81.14184019",[DATA] H:100 A:0 Latency:20 us
2026-05-31T13:08:28.153211,1313,597.0,"597.0,4.204594346,12.76721012,1.806284333,77.52905941,68.14297165",[DATA] H:100 A:0 Latency:21 us
2026-05-31T13:08:28.707233,1314,1200.0,"1200.0,3.21932664,6.379252777,1.325301069,77.81346261,85.92713017",[DATA] H:100 A:0 Latency:21 us
2026-05-31T13:08:29.263030,1315,554.0,"554.0,3.396276209,10.29029668,1.999732845,76.54655937,83.10626682",[DATA] H:100 A:0 Latency:22 us
2026-05-31T13:08:29.818897,1316,466.0,"466.0,2.726092435,6.714307966,2.040533961,84.27680228,76.62673455",[DATA] H:0 A:1 Latency:23 us
2026-05-31T13:08:30.374378,1317,710.0,"710.0,2.756451065,4.230098638,4.144145382,75.93057772,82.54017903",[DATA] H:100 A:0 Latency:16 us
2026-05-31T13:08:30.929864,1318,390.0,"390.0,2.610845546,4.945466856,0.408571704,76.79275587,70.85070586",[DATA] H:100 A:0 Latency:13 us
2026-05-31T13:08:31.485497,1319,459.0,"459.0,2.390307073,4.708716816,2.281761108,77.01398559,79.14458324",[DATA] H:100 A:0 Latency:14 us
2026-05-31T13:08:32.038890,1320,652.0,"652.0,2.257826144,3.093086838,2.500525973,75.87828902,75.56810601",[DATA] H:100 A:0 Latency:12 us
2026-05-31T13:08:32.592363,1321,518.0,"518.0,2.005426467,7.49208074,2.940910355,77.95320665,70.74935493",[DATA] H:100 A:0 Latency:19 us
2026-05-31T13:08:33.148372,1322,1077.0,"1077.0,5.251763915,9.501511767,3.548356258,77.16880148,83.39734572",[DATA] H:100 A:0 Latency:16 us
2026-05-31T13:08:33.702241,1323,554.0,"554.0,2.50758616,7.578915798,3.044282762,75.66046189,88.35589248",[DATA] H:100 A:0 Latency:20 us
2026-05-31T13:08:34.257823,1324,532.0,"532.0,2.467839789,5.624722598,1.493347254,77.37958608,83.93935755",[DATA] H:100 A:0 Latency:21 us
2026-05-31T13:08:34.812780,1325,1204.0,"1204.0,4.641280521,4.041895917,1.746185015,78.75349638,70.56100697",[DATA] H:100 A:0 Latency:15 us
2026-05-31T13:08:35.367530,1326,865.0,"865.0,4.42329884,6.472040634,1.938270447,76.16462113,74.88412877",[DATA] H:100 A:0 Latency:18 us
2026-05-31T13:08:35.922414,1327,1032.0,"1032.0,2.819445333,4.82523566,4.755667672,76.5931228,80.83925466",[DATA] H:100 A:0 Latency:16 us
2026-05-31T13:08:36.477027,1328,915.0,"915.0,4.02233569,5.533840176,2.8982226,77.40464533,82.72275418",[DATA] H:100 A:0 Latency:18 us
2026-05-31T13:08:37.031399,1329,714.0,"714.0,2.719584886,15.89864405,2.336329484,78.05840072,81.03371532",[DATA] H:100 A:0 Latency:17 us
2026-05-31T13:08:37.586499,1330,711.0,"711.0,2.865393176,7.953924404,1.532142259,76.95644318,86.14340657",[DATA] H:100 A:0 Latency:24 us
2026-05-31T13:08:38.142332,1331,1397.0,"1397.0,4.522475354,5.387213841,1.868014739,76.27296248,84.54868379",[DATA] H:100 A:0 Latency:19 us
2026-05-31T13:08:38.697185,1332,723.0,"723.0,2.937291339,8.667018308,2.475185521,81.35088394,79.55552224",[DATA] H:0 A:1 Latency:26 us
2026-05-31T13:08:39.253442,1333,555.0,"555.0,2.036908677,7.34325236,2.610490082,78.44322158,77.0883168",[DATA] H:100 A:0 Latency:21 us
2026-05-31T13:08:39.807546,1334,525.0,"525.0,4.218095409,5.538808112,2.77858667,84.83454967,71.74767823",[DATA] H:0 A:1 Latency:28 us
2026-05-31T13:08:40.364147,1335,907.0,"907.0,4.920834491,4.563782185,1.570046322,76.09653201,74.56592884",[DATA] H:100 A:0 Latency:17 us
2026-05-31T13:08:40.919782,1336,1325.0,"1325.0,4.86389972,5.157382564,1.250740822,75.48450514,69.77900328",[DATA] H:100 A:0 Latency:16 us
2026-05-31T13:08:41.475697,1337,1309.0,"1309.0,3.095439849,7.791530203,1.590602329,75.32684092,78.39452727",[DATA] H:100 A:0 Latency:15 us
2026-05-31T13:08:42.031559,1338,1507.0,"1507.0,2.530164682,5.812855111,4.22097985,79.57195527,83.16429683",[DATA] H:100 A:0 Latency:18 us
2026-05-31T13:08:42.584977,1339,534.0,"534.0,2.585163827,6.98763628,1.324354386,77.59699892,71.85640979",[DATA] H:100 A:0 Latency:18 us
2026-05-31T13:08:43.140682,1340,571.0,"571.0,1.962696803,8.562181895,1.595887477,75.93524279,92.37388166",[DATA] H:100 A:0 Latency:20 us
2026-05-31T13:08:43.696554,1341,843.0,"843.0,2.364320179,6.175807785,4.723807519,81.8691948,82.9842842",[DATA] H:100 A:0 Latency:28 us
2026-05-31T13:08:44.252156,1342,475.0,"475.0,3.392077526,6.598093957,1.423852416,76.88628063,78.63169389",[DATA] H:100 A:0 Latency:21 us
2026-05-31T13:08:44.806246,1343,718.0,"718.0,3.974290128,4.518940222,6.862837226,76.77032303,75.34539022",[DATA] H:100 A:0 Latency:14 us
2026-05-31T13:08:45.361320,1344,1099.0,"1099.0,2.847421896,8.104603078,1.669747319,82.48391646,80.06401054",[DATA] H:100 A:0 Latency:27 us
2026-05-31T13:08:45.915941,1345,676.0,"676.0,4.252998402,4.682383256,2.781947303,77.69644825,74.85764514",[DATA] H:100 A:0 Latency:16 us
2026-05-31T13:08:46.471704,1346,865.0,"865.0,2.60133527,5.815742601,2.640187904,75.22688717,88.51206339",[DATA] H:100 A:0 Latency:25 us
2026-05-31T13:08:47.027191,1347,662.0,"662.0,3.724060055,4.540668901,2.868170887,74.60991728,77.3787092",[DATA] H:100 A:0 Latency:16 us
2026-05-31T13:08:47.582556,1348,933.0,"933.0,2.116299661,8.150371129,3.005943086,77.16037813,73.01056903",[DATA] H:100 A:0 Latency:17 us
2026-05-31T13:08:48.138087,1349,382.0,"382.0,3.604395447,5.636027384,3.069419076,76.18631502,80.03682512",[DATA] H:100 A:0 Latency:15 us
2026-05-31T13:08:48.692298,1350,1183.0,"1183.0,4.10797503,0.360413366,2.717653291,78.00555069,86.46761441",[DATA] H:100 A:0 Latency:25 us
2026-05-31T13:08:49.246801,1351,812.0,"812.0,3.040908841,6.703920388,3.659834952,78.53333164,86.00042304",[DATA] H:0 A:1 Latency:24 us
2026-05-31T13:08:49.800306,1352,644.0,"644.0,3.291002294,13.45282158,1.808965018,77.2762659,74.30531705",[DATA] H:100 A:0 Latency:22 us
2026-05-31T13:08:50.355770,1353,971.0,"971.0,4.360569125,7.188621772,2.703758954,73.90766701,75.09818632",[DATA] H:100 A:0 Latency:15 us
2026-05-31T13:08:50.910807,1354,691.0,"691.0,4.385138496,4.725318952,2.560566277,77.11380814,76.61743077",[DATA] H:100 A:0 Latency:18 us
2026-05-31T13:08:51.465978,1355,567.0,"567.0,4.291798553,12.01745784,0.851771945,77.46181273,80.39626053",[DATA] H:100 A:0 Latency:16 us
2026-05-31T13:08:52.021366,1356,793.0,"793.0,2.262417483,5.350182019,2.551376926,78.62040302,71.66889505",[DATA] H:100 A:0 Latency:17 us
2026-05-31T13:08:52.574628,1357,1014.0,"1014.0,1.958795717,6.474084848,3.312553655,77.74920747,81.84233772",[DATA] H:100 A:0 Latency:16 us
2026-05-31T13:08:53.129286,1358,757.0,"757.0,3.658948301,6.949537854,3.058036289,76.30876775,73.09922465",[DATA] H:100 A:0 Latency:19 us
2026-05-31T13:08:53.684844,1359,1480.0,"1480.0,3.186473078,8.622550807,2.020006167,77.03681811,77.26976134",[DATA] H:100 A:0 Latency:17 us
2026-05-31T13:08:54.239992,1360,650.0,"650.0,4.533899033,4.744456308,1.501063837,77.87217154,77.75199746",[DATA] H:100 A:0 Latency:12 us
2026-05-31T13:08:54.795737,1361,606.0,"606.0,3.125228228,3.704493432,2.579542494,76.0140955,78.10680476",[DATA] H:100 A:0 Latency:12 us
2026-05-31T13:08:55.351403,1362,348.0,"348.0,5.007007816,6.471506702,1.33205262,74.00441021,71.03096902",[DATA] H:100 A:0 Latency:17 us
2026-05-31T13:08:55.906042,1363,1006.0,"1006.0,3.898007789,9.923163106,1.039166536,75.59273794,85.46029004",[DATA] H:100 A:0 Latency:20 us
2026-05-31T13:08:56.460743,1364,522.0,"522.0,4.866329889,6.078352627,2.473434351,75.08802078,74.3304086",[DATA] H:100 A:0 Latency:20 us
2026-05-31T13:08:57.016166,1365,914.0,"914.0,3.712221531,5.169226837,4.331322201,77.82501287,74.77342048",[DATA] H:100 A:0 Latency:18 us
2026-05-31T13:08:57.571239,1366,493.0,"493.0,2.375936163,6.254644675,1.883693598,73.88718707,83.5580831",[DATA] H:100 A:0 Latency:17 us
2026-05-31T13:08:58.127171,1367,671.0,"671.0,4.088141686,11.85927925,2.518008922,83.74668719,81.50044406",[DATA] H:0 A:1 Latency:27 us
2026-05-31T13:08:58.681145,1368,1032.0,"1032.0,2.432613513,2.281836789,2.430561284,74.78937224,84.85871896",[DATA] H:100 A:0 Latency:16 us
2026-05-31T13:08:59.236886,1369,529.0,"529.0,3.025921266,4.504196136,3.039856859,83.06220411,70.31065927",[DATA] H:0 A:1 Latency:24 us
2026-05-31T13:08:59.792158,1370,963.0,"963.0,3.992672747,9.329692497,2.965630862,75.89836697,90.13897332",[DATA] H:100 A:0 Latency:22 us
2026-05-31T13:09:00.347769,1371,862.0,"862.0,3.823205449,3.587807585,1.654836731,79.24654775,67.40575951",[DATA] H:100 A:0 Latency:22 us
2026-05-31T13:09:00.902894,1372,808.0,"808.0,2.370637561,9.81211538,1.178424463,77.33275512,79.27398586",[DATA] H:100 A:0 Latency:16 us
2026-05-31T13:09:01.458458,1373,748.0,"748.0,3.19713221,7.187874414,2.178121969,75.81657188,76.96504127",[DATA] H:100 A:0 Latency:20 us
2026-05-31T13:09:02.011444,1374,1204.0,"1204.0,4.95478515,5.332384236,3.721466552,75.86186375,81.87259106",[DATA] H:100 A:0 Latency:15 us
2026-05-31T13:09:02.565585,1375,1262.0,"1262.0,3.794201503,7.315191239,1.714254794,80.15337054,73.98577302",[DATA] H:100 A:0 Latency:20 us
2026-05-31T13:09:03.119351,1376,826.0,"826.0,4.549269369,16.2361699,2.217915179,77.93679133,79.45513191",[DATA] H:100 A:0 Latency:19 us
2026-05-31T13:09:03.673711,1377,500.0,"500.0,0.68645397,7.655414999,1.830379447,73.41511565,76.39960407",[DATA] H:100 A:0 Latency:13 us
2026-05-31T13:09:04.228372,1378,536.0,"536.0,4.465107125,6.683605895,1.185739313,74.07725184,79.07386632",[DATA] H:100 A:0 Latency:19 us
2026-05-31T13:09:04.783699,1379,467.0,"467.0,2.298065848,4.434370427,1.315530491,78.69872588,87.13445585",[DATA] H:0 A:1 Latency:22 us
2026-05-31T13:09:05.339140,1380,572.0,"572.0,2.610926118,7.067963165,4.153282101,74.36514409,77.4785745",[DATA] H:100 A:0 Latency:21 us
2026-05-31T13:09:05.894779,1381,822.0,"822.0,3.847154686,6.314261956,2.354491971,75.4075142,69.51404357",[DATA] H:100 A:0 Latency:18 us
2026-05-31T13:09:06.448710,1382,500.0,"500.0,4.54725671,8.212458448,2.559056338,75.20337105,83.59572492",[DATA] H:100 A:0 Latency:16 us
2026-05-31T13:09:07.003915,1383,892.0,"892.0,1.936789914,4.233913786,1.407007215,75.83519189,89.87561834",[DATA] H:100 A:0 Latency:25 us
2026-05-31T13:09:07.557727,1384,608.0,"608.0,2.572670052,7.350643825,1.332815947,77.73056017,89.50983233",[DATA] H:100 A:0 Latency:26 us
2026-05-31T13:09:08.111193,1385,964.0,"964.0,4.218902271,4.989088707,3.577468311,78.51466456,83.62549599",[DATA] H:100 A:0 Latency:20 us
2026-05-31T13:09:08.666079,1386,851.0,"851.0,4.315322724,6.8838202,1.79419286,86.30497825,79.62962835",[DATA] H:0 A:1 Latency:26 us
2026-05-31T13:09:09.221566,1387,600.0,"600.0,5.332485116,5.366727577,2.457576729,74.33722033,80.11795851",[DATA] H:100 A:0 Latency:25 us
2026-05-31T13:09:09.777160,1388,1044.0,"1044.0,2.65177978,6.115367366,2.907643969,80.27404866,69.37978057",[DATA] H:100 A:0 Latency:20 us
2026-05-31T13:09:10.332802,1389,851.0,"851.0,0.196882284,5.739394954,3.171974967,85.44521559,78.10255188",[DATA] H:0 A:1 Latency:24 us
2026-05-31T13:09:10.888479,1390,604.0,"604.0,3.306183046,7.515024847,2.638414796,75.67612291,78.4456636",[DATA] H:100 A:0 Latency:17 us
2026-05-31T13:09:11.443744,1391,958.0,"958.0,1.634803328,10.90324305,1.682025845,77.23483398,71.31109004",[DATA] H:100 A:0 Latency:18 us
2026-05-31T13:09:11.998348,1392,858.0,"858.0,5.139202352,7.156776198,2.880928798,75.65799377,77.42342361",[DATA] H:100 A:0 Latency:15 us
2026-05-31T13:09:12.553334,1393,656.0,"656.0,2.965364352,4.521927078,2.791403826,79.12318812,80.74948555",[DATA] H:0 A:1 Latency:18 us
2026-05-31T13:09:13.107421,1394,832.0,"832.0,2.546356178,13.38409959,1.606984627,75.52134757,74.66066756",[DATA] H:100 A:0 Latency:18 us
2026-05-31T13:09:13.662175,1395,457.0,"457.0,3.76317708,4.699220797,1.56022991,84.6681539,72.93052788",[DATA] H:0 A:1 Latency:21 us
2026-05-31T13:09:14.216810,1396,948.0,"948.0,2.946278435,15.51327261,6.345753028,75.1195743,87.98690262",[DATA] H:100 A:0 Latency:19 us
2026-05-31T13:09:14.770388,1397,636.0,"636.0,2.765642556,6.720391508,3.104638045,76.80516758,83.64193408",[DATA] H:100 A:0 Latency:24 us
2026-05-31T13:09:15.325081,1398,853.0,"853.0,2.150576285,6.264724374,2.929996462,77.48583441,89.54916725",[DATA] H:100 A:0 Latency:22 us
2026-05-31T13:09:15.880447,1399,900.0,"900.0,2.042349351,8.295469501,1.967813133,74.46765586,69.0241986",[DATA] H:100 A:0 Latency:23 us
2026-05-31T13:09:16.435598,1400,992.0,"992.0,3.812496337,8.002028074,1.914268659,88.34572328,81.51730844",[DATA] H:0 A:1 Latency:31 us
2026-05-31T13:09:16.989869,1401,591.0,"591.0,3.018343774,5.157963944,1.52595635,74.84386079,66.40017958",[DATA] H:100 A:0 Latency:23 us
2026-05-31T13:09:17.544793,1402,1340.0,"1340.0,2.380322333,5.886010961,2.224544261,77.49884374,82.40631692",[DATA] H:100 A:0 Latency:20 us
2026-05-31T13:09:18.100272,1403,1048.0,"1048.0,4.705061644,7.861173298,1.855741141,75.59744347,88.94977882",[DATA] H:100 A:0 Latency:20 us
2026-05-31T13:09:18.655472,1404,960.0,"960.0,4.08137439,5.105828564,2.814096094,75.77483934,75.08364277",[DATA] H:100 A:0 Latency:21 us
2026-05-31T13:09:19.211054,1405,474.0,"474.0,5.087625889,6.335908742,1.518576282,77.74082487,83.79740755",[DATA] H:100 A:0 Latency:17 us
2026-05-31T13:09:19.765170,1406,553.0,"553.0,3.126369754,5.293842,3.518897579,76.3315538,81.6055748",[DATA] H:100 A:0 Latency:17 us
2026-05-31T13:09:20.319914,1407,676.0,"676.0,1.762913431,8.097702587,2.551038653,77.7288387,88.25745587",[DATA] H:100 A:0 Latency:21 us
2026-05-31T13:09:20.875405,1408,677.0,"677.0,4.751277467,7.937638738,3.470390174,77.65792696,78.10787014",[DATA] H:100 A:0 Latency:25 us
2026-05-31T13:09:21.430694,1409,707.0,"707.0,4.260323371,3.018697409,3.207259076,78.09283081,74.47893069",[DATA] H:100 A:0 Latency:16 us
2026-05-31T13:09:21.984957,1410,525.0,"525.0,3.99237853,10.75682652,2.178168642,77.65786713,82.85172158",[DATA] H:100 A:0 Latency:19 us
2026-05-31T13:09:22.539953,1411,861.0,"861.0,2.286987787,2.701316089,1.700342488,73.40828108,75.84099593",[DATA] H:100 A:0 Latency:14 us
2026-05-31T13:09:23.094118,1412,695.0,"695.0,5.052273218,2.384331171,1.782715616,76.30187186,70.09776795",[DATA] H:100 A:0 Latency:15 us
2026-05-31T13:09:23.647925,1413,775.0,"775.0,3.711198271,6.061686494,2.014312482,75.14141536,76.28463118",[DATA] H:100 A:0 Latency:18 us
2026-05-31T13:09:24.203088,1414,473.0,"473.0,3.242340805,6.685039813,1.086155386,77.43103686,74.79826375",[DATA] H:100 A:0 Latency:20 us
2026-05-31T13:09:24.757906,1415,607.0,"607.0,3.070129882,5.297654093,1.47372411,76.64428913,72.19066008",[DATA] H:100 A:0 Latency:17 us
2026-05-31T13:09:25.312714,1416,542.0,"542.0,2.164001926,5.828974941,2.025126291,77.75412282,82.52250233",[DATA] H:100 A:0 Latency:18 us
2026-05-31T13:09:25.868934,1417,1280.0,"1280.0,2.447431979,8.028257416,2.123220975,77.25014976,73.38370256",[DATA] H:100 A:0 Latency:16 us
2026-05-31T13:09:26.422527,1418,579.0,"579.0,2.501555447,11.52001199,1.561903692,74.92437617,66.92238508",[DATA] H:100 A:0 Latency:19 us
2026-05-31T13:09:26.977590,1419,427.0,"427.0,2.793077795,2.985018539,2.158007041,78.53739543,77.01068036",[DATA] H:100 A:0 Latency:15 us
2026-05-31T13:09:27.532601,1420,1330.0,"1330.0,2.430690498,6.62577686,4.657788334,75.33261802,79.40817849",[DATA] H:100 A:0 Latency:20 us
2026-05-31T13:09:28.086838,1421,856.0,"856.0,3.959996013,6.986887028,2.239130643,74.75208253,72.44588369",[DATA] H:100 A:0 Latency:15 us
2026-05-31T13:09:28.642143,1422,1095.0,"1095.0,2.702396467,10.54119062,2.950198681,77.21633421,88.19026208",[DATA] H:100 A:0 Latency:22 us
2026-05-31T13:09:29.196799,1423,805.0,"805.0,4.788980856,7.340445101,2.339678031,77.87251998,75.84087249",[DATA] H:100 A:0 Latency:19 us
2026-05-31T13:09:29.752219,1424,1379.0,"1379.0,2.911975289,4.238531439,2.681303587,76.66443315,78.79509015",[DATA] H:100 A:0 Latency:17 us
2026-05-31T13:09:30.306823,1425,827.0,"827.0,2.318573406,7.648029664,2.747049246,76.31630564,82.29896397",[DATA] H:100 A:0 Latency:15 us
2026-05-31T13:09:30.861734,1426,968.0,"968.0,3.811178177,16.68834602,1.841140771,78.56650978,72.79595234",[DATA] H:100 A:0 Latency:16 us
2026-05-31T13:09:31.416526,1427,1348.0,"1348.0,2.680358549,5.851820932,2.241733254,76.08039166,72.14465713",[DATA] H:100 A:0 Latency:16 us
2026-05-31T13:09:31.970235,1428,937.0,"937.0,3.193860212,3.37589047,2.925559167,80.49251486,79.32599849",[DATA] H:100 A:0 Latency:20 us
2026-05-31T13:09:32.525362,1429,867.0,"867.0,3.416836077,3.671718781,1.372951639,84.99494486,78.45593793",[DATA] H:100 A:0 Latency:23 us
2026-05-31T13:09:33.079507,1430,714.0,"714.0,2.728768387,6.673660838,2.049286313,76.53595469,63.44282597",[DATA] H:100 A:0 Latency:22 us
2026-05-31T13:09:33.634751,1431,1011.0,"1011.0,5.192799125,5.573425703,2.76601865,76.23917476,85.53686868",[DATA] H:100 A:0 Latency:22 us
2026-05-31T13:09:34.189064,1432,366.0,"366.0,2.037200759,7.674381711,6.799183687,74.95232275,78.06781583",[DATA] H:100 A:0 Latency:22 us
2026-05-31T13:09:34.744571,1433,936.0,"936.0,1.850615796,11.49784812,1.662080442,82.54243491,79.32318253",[DATA] H:100 A:0 Latency:23 us
2026-05-31T13:09:35.298778,1434,631.0,"631.0,2.523450624,6.833457729,1.72298859,77.0931504,69.11389393",[DATA] H:100 A:0 Latency:22 us
2026-05-31T13:09:35.854281,1435,624.0,"624.0,2.175531152,4.239902887,2.035792918,79.97243411,84.53804096",[DATA] H:0 A:1 Latency:15 us
2026-05-31T13:09:36.408915,1436,454.0,"454.0,1.826373658,4.996200964,4.587308712,77.17950674,70.87621038",[DATA] H:100 A:0 Latency:15 us
2026-05-31T13:09:36.963238,1437,1271.0,"1271.0,4.57067803,6.655297065,0.921578751,75.69911069,75.44371405",[DATA] H:100 A:0 Latency:19 us
2026-05-31T13:09:37.517983,1438,814.0,"814.0,3.159342477,5.551390389,3.180498063,77.95522031,85.68445037",[DATA] H:100 A:0 Latency:19 us
2026-05-31T13:09:38.073431,1439,625.0,"625.0,2.294546128,5.764743341,1.766447385,76.41053777,76.8426266",[DATA] H:100 A:0 Latency:22 us
2026-05-31T13:09:38.628107,1440,1413.0,"1413.0,4.065443402,4.67963869,1.882488829,77.42688882,76.24716835",[DATA] H:100 A:0 Latency:16 us
2026-05-31T13:09:39.182142,1441,620.0,"620.0,2.872799419,4.150499315,2.933682207,76.71412886,69.9108345",[DATA] H:100 A:0 Latency:13 us
2026-05-31T13:09:39.736577,1442,927.0,"927.0,2.369635484,6.482887515,1.667002039,75.73483549,74.50844646",[DATA] H:100 A:0 Latency:16 us
2026-05-31T13:09:40.291860,1443,492.0,"492.0,2.032678291,5.735706781,6.941848959,81.55291084,71.25737373",[DATA] H:0 A:1 Latency:22 us
2026-05-31T13:09:40.847458,1444,649.0,"649.0,3.028174174,10.62522378,2.101122605,76.63448715,79.54271607",[DATA] H:100 A:0 Latency:19 us
2026-05-31T13:09:41.401675,1445,531.0,"531.0,4.054509762,7.939257201,3.205985064,78.37061387,81.84166301",[DATA] H:0 A:1 Latency:19 us
2026-05-31T13:09:41.956957,1446,1335.0,"1335.0,4.270783637,4.824242707,1.464374631,77.00993453,85.57588266",[DATA] H:100 A:0 Latency:23 us
2026-05-31T13:09:42.512001,1447,1273.0,"1273.0,3.328208934,5.402876253,1.901777106,76.77386952,80.63569826",[DATA] H:100 A:0 Latency:20 us
2026-05-31T13:09:43.067132,1448,437.0,"437.0,2.299012097,7.102507905,3.093252266,79.24583162,81.64282175",[DATA] H:0 A:1 Latency:18 us
2026-05-31T13:09:43.622580,1449,643.0,"643.0,2.087027393,3.771116463,3.137512665,77.18267416,85.47398971",[DATA] H:100 A:0 Latency:27 us
2026-05-31T13:09:44.177771,1450,789.0,"789.0,3.843415093,9.662871704,2.956701996,83.22030172,72.11093876",[DATA] H:100 A:0 Latency:26 us
2026-05-31T13:09:44.731694,1451,997.0,"997.0,1.979629209,5.017558181,2.483651566,78.30807853,70.84293808",[DATA] H:100 A:0 Latency:19 us
2026-05-31T13:09:45.286287,1452,778.0,"778.0,3.850831088,5.220785139,3.41673822,77.93548615,71.84358038",[DATA] H:100 A:0 Latency:19 us
2026-05-31T13:09:45.842044,1453,666.0,"666.0,3.995585556,9.824106527,1.945284921,76.09274873,89.90083727",[DATA] H:100 A:0 Latency:22 us
2026-05-31T13:09:46.395879,1454,568.0,"568.0,2.440999384,4.735633766,2.427563656,80.78619496,88.02947505",[DATA] H:0 A:1 Latency:26 us
2026-05-31T13:09:46.951790,1455,435.0,"435.0,2.46251005,9.143789038,0.931220965,77.10286562,74.46793269",[DATA] H:100 A:0 Latency:26 us
2026-05-31T13:09:47.507904,1456,884.0,"884.0,0.052322313,13.12387967,1.649377829,77.26849593,82.9720083",[DATA] H:100 A:0 Latency:14 us
2026-05-31T13:09:48.062786,1457,403.0,"403.0,2.731540274,7.430286632,1.247119475,76.50508884,83.70673957",[DATA] H:100 A:0 Latency:20 us
2026-05-31T13:09:48.617469,1458,932.0,"932.0,2.384141042,4.654800687,0.910926221,88.70280723,83.19994648",[DATA] H:0 A:1 Latency:25 us
2026-05-31T13:09:49.172549,1459,443.0,"443.0,4.550511901,6.558749125,3.16313243,78.17911351,79.31880983",[DATA] H:0 A:1 Latency:24 us
2026-05-31T13:09:49.728750,1460,689.0,"689.0,2.550116584,7.152118563,3.850305174,77.11348925,73.82514702",[DATA] H:100 A:0 Latency:20 us
2026-05-31T13:09:50.284483,1461,763.0,"763.0,2.479604339,5.496863665,2.447354826,74.51483115,75.23949835",[DATA] H:100 A:0 Latency:19 us
2026-05-31T13:09:50.840068,1462,378.0,"378.0,4.292083138,4.349342004,2.13450383,77.15800137,88.48737695",[DATA] H:100 A:0 Latency:20 us
2026-05-31T13:09:51.393768,1463,829.0,"829.0,3.639262823,6.156309695,2.11180956,77.35772476,72.47352429",[DATA] H:100 A:0 Latency:22 us
2026-05-31T13:09:51.947891,1464,932.0,"932.0,3.067649381,7.300653067,2.770631882,78.27853328,72.45354038",[DATA] H:100 A:0 Latency:16 us
2026-05-31T13:09:52.503036,1465,709.0,"709.0,4.001922262,6.382993607,2.341006935,74.31220041,75.96066966",[DATA] H:100 A:0 Latency:20 us
2026-05-31T13:09:53.057721,1466,1252.0,"1252.0,3.837199531,4.765072123,1.452732998,75.99949472,79.05466416",[DATA] H:100 A:0 Latency:15 us
2026-05-31T13:09:53.612969,1467,488.0,"488.0,2.307125836,7.936842984,3.06590954,84.63487052,88.25338233",[DATA] H:0 A:1 Latency:24 us
2026-05-31T13:09:54.167393,1468,1139.0,"1139.0,4.210597518,6.955827229,2.067293267,77.34932346,71.84023065",[DATA] H:100 A:0 Latency:21 us
2026-05-31T13:09:54.722045,1469,633.0,"633.0,2.370822934,4.928172203,1.074714255,78.32317068,72.53322074",[DATA] H:100 A:0 Latency:15 us
2026-05-31T13:09:55.276300,1470,1051.0,"1051.0,3.867845401,5.493011094,5.097519628,76.67029289,74.23843018",[DATA] H:100 A:0 Latency:19 us
2026-05-31T13:09:55.831039,1471,344.0,"344.0,5.455809236,3.344799342,1.713266232,79.59356577,76.31413125",[DATA] H:100 A:0 Latency:13 us
2026-05-31T13:09:56.386264,1472,603.0,"603.0,3.0679789,5.146111046,2.101109593,76.62233558,79.11349428",[DATA] H:100 A:0 Latency:20 us
2026-05-31T13:09:56.942172,1473,546.0,"546.0,2.133423591,3.285286046,2.000889028,76.69636255,72.99274196",[DATA] H:100 A:0 Latency:14 us
2026-05-31T13:09:57.495377,1474,984.0,"984.0,1.901392081,6.488181108,1.260131103,80.21107846,83.99156199",[DATA] H:100 A:0 Latency:22 us
2026-05-31T13:09:58.050138,1475,408.0,"408.0,2.127604542,2.426588196,2.607411287,76.02605814,71.37817834",[DATA] H:100 A:0 Latency:16 us
2026-05-31T13:09:58.604649,1476,676.0,"676.0,4.248013077,3.418352796,2.389186873,74.46455552,81.41829489",[DATA] H:100 A:0 Latency:16 us
2026-05-31T13:09:59.159628,1477,1164.0,"1164.0,1.77694736,4.55955391,1.293648198,76.66128551,76.76576713",[DATA] H:100 A:0 Latency:14 us
2026-05-31T13:09:59.713603,1478,965.0,"965.0,2.440711581,4.469179783,3.162790143,75.27195772,79.40712813",[DATA] H:100 A:0 Latency:18 us
2026-05-31T13:10:00.268047,1479,1380.0,"1380.0,2.732900468,5.326340829,5.831570426,77.43071285,77.95799547",[DATA] H:100 A:0 Latency:15 us
2026-05-31T13:10:00.823991,1480,414.0,"414.0,1.872505509,6.322245174,5.417988024,76.22459965,85.10015088",[DATA] H:100 A:0 Latency:23 us
2026-05-31T13:10:01.377488,1481,862.0,"862.0,4.423556501,4.503944802,1.562628349,76.33232069,71.2054877",[DATA] H:100 A:0 Latency:23 us
2026-05-31T13:10:01.930707,1482,614.0,"614.0,3.945035,15.12778608,3.21559266,77.41816422,84.98506213",[DATA] H:100 A:0 Latency:19 us
2026-05-31T13:10:02.484449,1483,460.0,"460.0,1.964847256,4.641325784,3.336201751,75.36795961,74.88544089",[DATA] H:100 A:0 Latency:14 us
2026-05-31T13:10:03.038624,1484,611.0,"611.0,5.54166881,7.253459398,0.99019458,77.0893129,67.85175051",[DATA] H:100 A:0 Latency:20 us
2026-05-31T13:10:03.592060,1485,551.0,"551.0,2.238573722,7.121733899,1.261365443,84.72895524,74.65733691",[DATA] H:0 A:1 Latency:23 us
2026-05-31T13:10:04.146302,1486,620.0,"620.0,2.149065772,6.713033008,2.30332554,76.81383641,74.06627763",[DATA] H:100 A:0 Latency:22 us
2026-05-31T13:10:04.701591,1487,804.0,"804.0,4.257403928,6.873748476,2.224280464,76.62484044,76.16357211",[DATA] H:100 A:0 Latency:15 us
2026-05-31T13:10:05.256389,1488,513.0,"513.0,2.603136525,7.516435111,0.950800087,74.6206394,86.15406342",[DATA] H:100 A:0 Latency:22 us
2026-05-31T13:10:05.810753,1489,1011.0,"1011.0,4.534433231,11.07150758,1.070792336,77.78607116,75.05786697",[DATA] H:100 A:0 Latency:20 us
2026-05-31T13:10:06.365202,1490,543.0,"543.0,3.009393278,7.19630545,1.470442108,75.48549726,78.31138586",[DATA] H:100 A:0 Latency:18 us
2026-05-31T13:10:06.919593,1491,849.0,"849.0,3.125359197,6.608515948,1.571175854,76.08149609,77.34254152",[DATA] H:100 A:0 Latency:15 us
2026-05-31T13:10:07.473252,1492,733.0,"733.0,3.889338231,7.109340313,2.332130853,74.70684035,79.59823565",[DATA] H:100 A:0 Latency:20 us
2026-05-31T13:10:08.027846,1493,981.0,"981.0,2.761758018,4.995088973,2.165829018,75.3778493,83.8381135",[DATA] H:100 A:0 Latency:15 us
2026-05-31T13:10:08.583260,1494,915.0,"915.0,4.939596333,6.542316859,2.904802047,74.35140988,83.16540134",[DATA] H:100 A:0 Latency:17 us
2026-05-31T13:10:09.138550,1495,1151.0,"1151.0,2.825525018,13.52654734,2.684185733,76.08610297,86.66211757",[DATA] H:100 A:0 Latency:21 us
2026-05-31T13:10:09.692731,1496,807.0,"807.0,5.258804818,6.208807249,2.283314286,75.24108674,68.14087428",[DATA] H:100 A:0 Latency:21 us
2026-05-31T13:10:10.248439,1497,894.0,"894.0,5.714365091,11.39918794,1.363291409,75.81811406,76.85102758",[DATA] H:100 A:0 Latency:15 us
2026-05-31T13:10:10.803068,1498,725.0,"725.0,5.179235497,6.560283763,3.936678282,77.29821921,81.90395732",[DATA] H:100 A:0 Latency:20 us
2026-05-31T13:10:11.357790,1499,772.0,"772.0,3.530626052,12.20688771,1.552631192,75.15638065,72.19936321",[DATA] H:100 A:0 Latency:19 us
2026-05-31T13:10:11.910922,1500,1115.0,"1115.0,2.808823359,5.579678088,1.467829663,76.434363,79.49550848",[DATA] H:100 A:0 Latency:18 us
2026-05-31T13:10:12.465252,1501,627.0,"627.0,3.937727761,3.240320222,2.168065161,76.33713421,86.36459254",[DATA] H:100 A:0 Latency:23 us
2026-05-31T13:10:13.018868,1502,779.0,"779.0,4.70470076,7.815731872,1.866285392,75.93396093,78.71401498",[DATA] H:100 A:0 Latency:25 us
2026-05-31T13:10:13.573369,1503,906.0,"906.0,3.780613103,6.095593002,2.340003233,76.03889736,82.72632582",[DATA] H:100 A:0 Latency:15 us
2026-05-31T13:10:14.127348,1504,537.0,"537.0,3.193476392,4.889239829,2.686503222,75.0030507,69.794026",[DATA] H:100 A:0 Latency:15 us
2026-05-31T13:10:14.682349,1505,619.0,"619.0,4.110496127,7.104509845,0.52724537,77.73618169,65.38934333",[DATA] H:100 A:0 Latency:19 us
2026-05-31T13:10:15.237067,1506,1700.0,"1700.0,2.366181747,6.918118543,1.816479028,76.5207545,78.46628408",[DATA] H:100 A:0 Latency:16 us
2026-05-31T13:10:15.791295,1507,490.0,"490.0,2.158757039,4.838226629,1.573720733,74.82385209,74.31889103",[DATA] H:100 A:0 Latency:14 us
2026-05-31T13:10:16.347817,1508,1237.0,"1237.0,1.936931367,7.956153062,2.575635522,75.88575244,77.87235727",[DATA] H:100 A:0 Latency:21 us
2026-05-31T13:10:16.903165,1509,1135.0,"1135.0,4.264144401,5.481056468,1.643783084,74.88103605,71.1011871",[DATA] H:100 A:0 Latency:15 us
2026-05-31T13:10:17.458731,1510,1155.0,"1155.0,2.053511026,8.637766687,2.660775572,76.76415167,87.79637537",[DATA] H:100 A:0 Latency:23 us
2026-05-31T13:10:18.012321,1511,649.0,"649.0,4.198404714,9.406577033,2.642048055,76.39138944,80.52028014",[DATA] H:100 A:0 Latency:23 us
2026-05-31T13:10:18.566868,1512,810.0,"810.0,4.850888527,4.330256206,1.879195687,76.51983227,84.67072842",[DATA] H:100 A:0 Latency:16 us
2026-05-31T13:10:19.120745,1513,506.0,"506.0,2.654068078,5.094060388,1.289330833,83.79983303,87.39870296",[DATA] H:0 A:1 Latency:25 us
2026-05-31T13:10:19.677563,1514,825.0,"825.0,4.848554134,4.858090865,1.050603445,81.55775478,82.71502511",[DATA] H:100 A:0 Latency:23 us
2026-05-31T13:10:20.232491,1515,586.0,"586.0,5.449272975,5.630844088,1.876632726,85.79178368,80.25821407",[DATA] H:0 A:1 Latency:32 us
2026-05-31T13:10:20.788001,1516,591.0,"591.0,4.123910554,6.53552182,3.203826223,82.15657637,81.2149019",[DATA] H:0 A:1 Latency:25 us
2026-05-31T13:10:21.342243,1517,642.0,"642.0,3.937661396,4.872802498,1.746697561,78.37737986,80.7875019",[DATA] H:100 A:0 Latency:16 us
2026-05-31T13:10:21.895871,1518,476.0,"476.0,2.953660347,7.235297944,1.891387891,80.01879146,87.09256459",[DATA] H:0 A:1 Latency:24 us
2026-05-31T13:10:22.450703,1519,808.0,"808.0,3.210353715,10.59495719,5.375786128,75.00284659,83.99571184",[DATA] H:100 A:0 Latency:23 us
2026-05-31T13:10:23.005317,1520,686.0,"686.0,2.098338459,3.475512198,1.827270862,75.66708898,73.9159118",[DATA] H:100 A:0 Latency:14 us
2026-05-31T13:10:23.558737,1521,558.0,"558.0,3.267709717,15.46258566,1.591310633,84.24389295,75.66655216",[DATA] H:0 A:1 Latency:22 us
2026-05-31T13:10:24.114096,1522,618.0,"618.0,3.597010263,5.638910559,5.683282203,76.65290291,81.6228384",[DATA] H:100 A:0 Latency:19 us
2026-05-31T13:10:24.669721,1523,616.0,"616.0,4.576592318,8.535923064,0.91756861,83.02350443,70.07914861",[DATA] H:100 A:0 Latency:26 us
2026-05-31T13:10:25.225483,1524,711.0,"711.0,2.780820634,3.424544801,2.035324678,77.52684508,89.7760747",[DATA] H:100 A:0 Latency:26 us
2026-05-31T13:10:25.779260,1525,893.0,"893.0,2.571592609,7.471679728,1.724552907,86.55174055,75.99890596",[DATA] H:0 A:1 Latency:28 us
2026-05-31T13:10:26.332873,1526,1083.0,"1083.0,2.837354804,7.945501513,2.801838797,85.64176988,69.59916487",[DATA] H:100 A:0 Latency:24 us
2026-05-31T13:10:26.887904,1527,893.0,"893.0,4.303452174,2.631012737,2.622362638,75.16509021,75.92887837",[DATA] H:100 A:0 Latency:20 us
2026-05-31T13:10:27.443289,1528,1020.0,"1020.0,4.944488187,4.264668457,0.765935329,77.31950699,89.4175268",[DATA] H:100 A:0 Latency:22 us
2026-05-31T13:10:27.998330,1529,1729.0,"1729.0,2.453546461,5.753656409,3.968965354,83.98236982,79.16451285",[DATA] H:100 A:0 Latency:29 us
2026-05-31T13:10:28.553988,1530,694.0,"694.0,2.870528004,4.828157614,1.999831061,76.83166123,74.89095532",[DATA] H:100 A:0 Latency:17 us
2026-05-31T13:10:29.108528,1531,537.0,"537.0,4.892735385,8.109176711,1.325929494,77.27849263,77.48125092",[DATA] H:100 A:0 Latency:18 us
2026-05-31T13:10:29.663593,1532,929.0,"929.0,2.459552533,3.143966109,2.737185362,78.01242322,81.72610827",[DATA] H:100 A:0 Latency:16 us
2026-05-31T13:10:30.219197,1533,657.0,"657.0,3.438406542,5.60148223,3.193627961,77.05167248,81.35439542",[DATA] H:100 A:0 Latency:19 us
2026-05-31T13:10:30.774185,1534,572.0,"572.0,4.076340184,10.81974627,3.51738169,79.89255759,65.88807378",[DATA] H:100 A:0 Latency:22 us
2026-05-31T13:10:31.330311,1535,861.0,"861.0,4.178561965,8.848306985,1.377256302,76.17170369,81.14130449",[DATA] H:100 A:0 Latency:20 us
2026-05-31T13:10:31.885032,1536,1312.0,"1312.0,5.963438892,7.563577763,5.931952727,77.73887555,88.66197194",[DATA] H:100 A:0 Latency:20 us
2026-05-31T13:10:32.439653,1537,1447.0,"1447.0,4.257188341,8.162100311,2.616697106,75.43246647,80.20695563",[DATA] H:100 A:0 Latency:21 us
2026-05-31T13:10:32.994138,1538,703.0,"703.0,2.830498237,7.283986901,6.887402443,80.66903639,80.5298719",[DATA] H:0 A:1 Latency:22 us
2026-05-31T13:10:33.549533,1539,859.0,"859.0,1.918407344,5.265522169,3.582237715,77.07647183,72.43474542",[DATA] H:100 A:0 Latency:20 us
2026-05-31T13:10:34.103985,1540,1161.0,"1161.0,3.408980023,5.261298753,2.729079063,75.01608621,66.09409732",[DATA] H:100 A:0 Latency:15 us
2026-05-31T13:10:34.659117,1541,1068.0,"1068.0,2.355818579,5.147027937,3.865418591,73.48386263,78.52466967",[DATA] H:100 A:0 Latency:18 us
2026-05-31T13:10:35.213362,1542,761.0,"761.0,2.564846745,5.322708073,2.875814733,76.22537911,86.54792432",[DATA] H:100 A:0 Latency:23 us
2026-05-31T13:10:35.767884,1543,1138.0,"1138.0,3.087709706,4.839036773,1.896475019,73.8743901,75.39574277",[DATA] H:100 A:0 Latency:24 us
2026-05-31T13:10:36.323204,1544,517.0,"517.0,2.54686281,5.394840432,1.376016471,75.48145003,68.48187117",[DATA] H:100 A:0 Latency:17 us
2026-05-31T13:10:36.877119,1545,603.0,"603.0,2.366347738,13.70078309,1.363732149,83.57464544,76.27322499",[DATA] H:0 A:1 Latency:23 us
2026-05-31T13:10:37.432560,1546,635.0,"635.0,3.003156572,10.07976547,2.437719367,82.67465652,72.06395838",[DATA] H:0 A:1 Latency:23 us
2026-05-31T13:10:37.986787,1547,650.0,"650.0,1.994972056,5.051846495,2.098442191,74.16542737,77.15746361",[DATA] H:100 A:0 Latency:19 us
2026-05-31T13:10:38.542334,1548,895.0,"895.0,2.977756418,8.528069342,2.712486003,79.68020302,83.62280835",[DATA] H:100 A:0 Latency:19 us
2026-05-31T13:10:39.097284,1549,720.0,"720.0,3.765513552,4.781652768,1.800372464,77.39513543,84.32607825",[DATA] H:100 A:0 Latency:15 us
2026-05-31T13:10:39.651181,1550,685.0,"685.0,1.968808862,7.013968136,2.960748491,76.39329281,75.08909184",[DATA] H:100 A:0 Latency:20 us
2026-05-31T13:10:40.206645,1551,663.0,"663.0,2.612793717,11.98332698,3.132670191,78.76088323,83.73137888",[DATA] H:100 A:0 Latency:18 us
2026-05-31T13:10:40.760396,1552,760.0,"760.0,3.81187193,11.4634364,5.719245604,80.60974527,88.08828329",[DATA] H:0 A:1 Latency:23 us
2026-05-31T13:10:41.315853,1553,979.0,"979.0,2.046689435,3.381522582,2.132214818,76.60636117,84.82614971",[DATA] H:100 A:0 Latency:21 us
2026-05-31T13:10:41.871259,1554,595.0,"595.0,0.467567579,5.121254944,4.130334108,74.41943614,71.92179966",[DATA] H:100 A:0 Latency:16 us
2026-05-31T13:10:42.425217,1555,590.0,"590.0,2.456423612,6.183544437,2.501558643,73.60650924,83.77539753",[DATA] H:100 A:0 Latency:19 us
2026-05-31T13:10:42.980022,1556,633.0,"633.0,3.013732589,6.479101202,1.33526477,83.21314246,79.61719385",[DATA] H:0 A:1 Latency:27 us
2026-05-31T13:10:43.535046,1557,521.0,"521.0,2.921160388,3.035106748,2.377790255,84.40790002,86.35450295",[DATA] H:0 A:1 Latency:23 us
2026-05-31T13:10:44.090455,1558,1368.0,"1368.0,4.524248334,12.73225083,3.484515222,80.51772859,80.46452664",[DATA] H:100 A:0 Latency:27 us
2026-05-31T13:10:44.645421,1559,770.0,"770.0,5.198257103,5.158504076,0.483906615,73.95326554,81.90723663",[DATA] H:100 A:0 Latency:20 us
2026-05-31T13:10:45.200303,1560,911.0,"911.0,3.242320934,5.66826337,2.641789463,76.26567127,73.5900521",[DATA] H:100 A:0 Latency:18 us
2026-05-31T13:10:45.754022,1561,631.0,"631.0,4.705708629,5.592919921,3.203883124,75.95472044,81.25100043",[DATA] H:100 A:0 Latency:17 us
2026-05-31T13:10:46.307048,1562,783.0,"783.0,2.28481857,4.984393884,2.227037995,76.18602503,70.85395067",[DATA] H:100 A:0 Latency:17 us
2026-05-31T13:10:46.860866,1563,713.0,"713.0,3.688731998,6.863706261,0.98954395,76.00999465,78.21247043",[DATA] H:100 A:0 Latency:17 us
2026-05-31T13:10:47.413704,1564,564.0,"564.0,4.506464093,7.504776098,2.51856622,74.84790701,67.33581019",[DATA] H:100 A:0 Latency:20 us
2026-05-31T13:10:47.967419,1565,926.0,"926.0,2.856511447,13.12484103,1.08713449,76.6980099,67.60640328",[DATA] H:100 A:0 Latency:15 us
2026-05-31T13:10:48.520162,1566,946.0,"946.0,2.406996747,3.904930851,1.677667916,78.11214687,85.85295862",[DATA] H:100 A:0 Latency:28 us
2026-05-31T13:10:49.073244,1567,689.0,"689.0,4.332525327,5.153173513,1.626273641,74.81805741,82.85703374",[DATA] H:100 A:0 Latency:21 us
2026-05-31T13:10:49.626712,1568,690.0,"690.0,3.078116112,7.222529866,3.354939951,77.04044587,78.76631428",[DATA] H:100 A:0 Latency:21 us
2026-05-31T13:10:50.180219,1569,421.0,"421.0,2.576688827,4.648492257,0.76032204,77.57761566,71.8350944",[DATA] H:100 A:0 Latency:15 us
2026-05-31T13:10:50.733314,1570,1411.0,"1411.0,0.014064288,6.927239176,2.167352037,78.10937761,82.2631415",[DATA] H:0 A:1 Latency:18 us
2026-05-31T13:10:51.286982,1571,851.0,"851.0,4.5174944,8.038705185,6.455491675,76.68804978,82.02652349",[DATA] H:100 A:0 Latency:16 us
2026-05-31T13:10:51.840570,1572,375.0,"375.0,2.680861624,2.653229466,2.48483154,77.50084882,89.42165757",[DATA] H:100 A:0 Latency:23 us
2026-05-31T13:10:52.393586,1573,547.0,"547.0,2.902291419,6.978964288,1.146601272,76.82716189,93.61464965",[DATA] H:100 A:0 Latency:27 us
2026-05-31T13:10:52.946603,1574,1295.0,"1295.0,2.983157708,6.009093252,2.386411869,77.60476305,87.13975426",[DATA] H:100 A:0 Latency:29 us
2026-05-31T13:10:53.500102,1575,532.0,"532.0,3.168403644,10.71063618,1.753076276,73.28430574,76.68116457",[DATA] H:100 A:0 Latency:21 us
2026-05-31T13:10:54.053432,1576,385.0,"385.0,2.303946448,5.597797716,2.922222679,73.65723013,72.44794178",[DATA] H:100 A:0 Latency:18 us
2026-05-31T13:10:54.606821,1577,915.0,"915.0,4.783169606,5.174367595,1.331957935,77.9487315,75.03438435",[DATA] H:100 A:0 Latency:15 us
2026-05-31T13:10:55.159357,1578,629.0,"629.0,2.30516756,5.567911887,3.23789212,77.07500896,76.87180825",[DATA] H:100 A:0 Latency:19 us
2026-05-31T13:10:55.712023,1579,1079.0,"1079.0,1.884124018,5.505063544,2.039940962,76.30840644,74.05852444",[DATA] H:100 A:0 Latency:15 us
2026-05-31T13:10:56.265760,1580,574.0,"574.0,4.10632675,8.612469957,1.356184829,77.72160152,79.87571378",[DATA] H:100 A:0 Latency:20 us
2026-05-31T13:10:56.818910,1581,810.0,"810.0,2.272793125,5.347746017,1.473925485,77.16025348,88.7925177",[DATA] H:100 A:0 Latency:22 us
2026-05-31T13:10:57.372682,1582,509.0,"509.0,2.086059916,4.923286104,1.55872379,77.1686524,69.8776632",[DATA] H:100 A:0 Latency:19 us
2026-05-31T13:10:57.926042,1583,629.0,"629.0,2.582628812,6.480300182,1.487202601,77.08156748,80.10516193",[DATA] H:100 A:0 Latency:19 us
2026-05-31T13:10:58.478978,1584,731.0,"731.0,3.474908663,7.348450076,2.363766664,76.03817414,79.77829892",[DATA] H:100 A:0 Latency:20 us
2026-05-31T13:10:59.032115,1585,494.0,"494.0,4.6366568,7.889407778,2.109195271,73.46469815,83.55137691",[DATA] H:100 A:0 Latency:18 us
2026-05-31T13:10:59.585360,1586,845.0,"845.0,4.271944031,5.341274682,3.438517934,73.93200723,86.35850131",[DATA] H:100 A:0 Latency:22 us
2026-05-31T13:11:00.138637,1587,1223.0,"1223.0,2.546669652,7.434215793,3.552848111,74.65808254,87.60806501",[DATA] H:100 A:0 Latency:26 us
2026-05-31T13:11:00.691686,1588,758.0,"758.0,2.924378052,2.961114329,1.850694856,86.21542211,83.00432113",[DATA] H:0 A:1 Latency:31 us
2026-05-31T13:11:01.246096,1589,654.0,"654.0,3.818298734,14.54339463,1.556341424,77.5606677,77.61911671",[DATA] H:100 A:0 Latency:24 us
2026-05-31T13:11:01.799073,1590,836.0,"836.0,5.258868973,4.225744669,2.703844579,74.97570796,72.69458514",[DATA] H:100 A:0 Latency:16 us
2026-05-31T13:11:02.352135,1591,981.0,"981.0,2.619172856,5.411858397,2.039671036,77.63379636,81.14860769",[DATA] H:100 A:0 Latency:18 us
2026-05-31T13:11:02.905649,1592,1062.0,"1062.0,3.79874392,2.663366722,1.654047091,86.16654173,71.58781812",[DATA] H:100 A:0 Latency:23 us
2026-05-31T13:11:03.458439,1593,802.0,"802.0,2.134149722,4.327334251,1.13183838,77.48501932,71.64515798",[DATA] H:100 A:0 Latency:20 us
