{
  "feature_columns": [
    "Engine rpm",
    "Lub oil pressure",
    "Fuel pressure",
    "Coolant pressure",
    "lub oil temp",
    "Coolant temp"
  ],
  "scaler_mean": [
    884.9950124688279,
    3.2225748288413687,
    6.236310040522305,
    2.3679337122887225,
    78.02393363114851,
    78.80302972515932
  ],
  "scaler_std": [
    271.70399098496574,
    1.010039680377379,
    2.681359021434092,
    1.0870826694186941,
    3.231583054748728,
    5.967971652286008
  ],
  "centroids": [
    [
      -0.08958998780784427,
      -0.7225952477529034,
      -0.0840590002092305,
      0.05067908379432293,
      -0.4217615437304964,
      0.08615742988024629
    ],
    [
      0.09058258151383294,
      -0.027872933819777054,
      0.030282955073279806,
      0.0034246646123968633,
      1.9059370080194926,
      0.09304233552099518
    ],
    [
      0.07471197932195844,
      0.9772275726195154,
      0.09712104597133392,
      -0.06926365190446801,
      -0.3790482852541913,
      -0.16083285405574932
    ]
  ],
  "threshold": 3.4522447564877297,
  "threshold_percentile": 95.0,
  "num_clusters": 3,
  "num_features": 6
}